NA,0.61707007,0.693149667,0.091123578,0.164871824,0.884111105,0.388907138,0.705493771,0.873491895,0.132948815,0.163120128,0.512271563,0.80580359,0.430849831,0.397741963,0.236186831,0.620037622,0.332440563,0.466071491,0.938586888,0.882137363,0.153454159,0.754432124,0.217457205,0.06294396,0.620438243,0.143107009,0.993645131,0.738674402,0.352452688,0.098241104,0.70134377,0.85034728,0.525947675,0.211026967,0.031308807,0.484592817,0.661264481,0.886309118,0.311323852,0.290351394,0.219570452,0.003385945,0.135866369,0.890526618,0.701455969,0.961280583,0.041415282,0.633245944,0.764783297,0.597594649,0.971350876,0.655037824,0.770565058,0.484664386,0.508497995,0.742556305,0.534676183,0.83910713,0.70357786,0.80684607,0.764537321,0.325384289,0.024730302,0.513397651,0.586096239,0.155868466,0.461370922,0.041084564,0.10782703,0.540299876,0.370942664,0.599364075,0.541825966,0.1856053
0.61707007,NA,0.338896718,0.709789326,0.562344497,0.375357466,0.92871344,0.514863036,0.468631631,0.179426626,0.445591491,0.251276766,0.179802431,0.692883341,0.134233534,0.792002531,0.790819715,0.956245763,0.837630863,0.752995965,0.604664302,0.94712163,0.230641045,0.800926354,0.084762501,0.27524807,0.690285928,0.738523318,0.720263485,0.420566194,0.290887226,0.637601801,0.59775112,0.557385803,0.484923068,0.670345208,0.49340941,0.308662628,0.634279912,0.398162247,0.775774319,0.841796811,0.907355401,0.174018914,0.958751275,0.258557865,0.410832824,0.318137554,0.996129081,0.06620305,0.675171527,0.20828042,0.69030418,0.808675487,0.320377597,0.110050192,0.724034295,0.319587653,0.360667404,0.342328877,0.378051099,0.721768993,0.133412111,0.809111853,0.093924228,0.148532499,0.549442615,0.929326285,0.300804319,0.298707374,0.948719084,0.983115153,0.076212489,0.736985879,0.395907797
0.693149667,0.338896718,NA,0.551200228,0.755780764,0.527404977,0.667753405,0.624743332,0.254683382,0.290260495,0.787904439,0.140305404,0.52719617,0.249229882,0.325585581,0.892053302,0.414562572,0.220064489,0.997617023,0.905084049,0.465610376,0.324662214,0.607901355,0.146343582,0.3964531,0.27503549,0.278696171,0.226555219,0.44994521,0.764634318,0.284517784,0.661084605,0.652874235,0.820648133,0.00819589,0.720636087,0.18849649,0.817254331,0.738040199,0.269787418,0.263281479,0.155794856,0.130164037,0.568407616,0.533426641,0.04221393,0.327874448,0.375974601,0.4202397,0.655675838,0.357730561,0.243705699,0.818667569,0.369258924,0.604390422,0.149213541,0.410148449,0.021278745,0.960040467,0.48651122,0.855574958,0.373050607,0.147099905,0.532710557,0.382309816,0.555022508,0.277627405,0.67623291,0.886942695,0.763189497,0.778749225,0.617328065,0.132971501,0.463812246,0.286958588
0.091123578,0.709789326,0.551200228,NA,0.245677137,0.753254328,0.306502988,0.091042104,0.956256707,0.095181664,0.043969062,0.016748637,0.251692189,0.41654013,0.072976981,0.509178495,0.632327822,0.821088238,0.54476974,0.218769978,0.405205145,0.919337528,0.359799253,0.788078632,0.615964897,0.18967365,0.352106615,0.879340401,0.422553723,0.245080296,0.659989467,0.591943833,0.930424471,0.299328613,0.448227846,0.940767409,0.767708329,0.870514906,0.591156149,0.240913091,0.286581632,0.508596274,0.02738896,NA,0.72559836,0.260841508,0.27969753,0.358059334,0.650654934,0.738604923,0.631081587,0.920839928,0.23084206,0.739137571,0.81387904,0.218910978,0.640520741,0.806068615,0.153512928,0.351229774,0.027538341,0.748247778,0.958648215,0.180698081,0.123382003,0.174054633,0.204362774,0.855801713,0.1395894,0.153595434,0.080374858,0.49290263,0.170768927,0.955892536,0.611229353
0.164871824,0.562344497,0.755780764,0.245677137,NA,0.923943098,0.878187808,0.12251075,0.402459591,0.915479415,0.111886381,0.89244092,0.730574117,0.176583157,0.931513574,0.51093669,0.392942855,0.666528207,0.591867549,0.387779282,0.252322227,0.774174976,0.101254983,0.843917564,0.69114695,0.74901593,0.391071258,0.422876032,0.739246133,0.844108918,0.89512892,0.725218601,0.394065386,0.249423793,0.698134379,0.960868658,0.973916217,0.554641608,0.523451891,0.573329439,0.909002323,0.650458814,0.565103371,0.793517837,0.377740386,0.750405433,0.519872119,0.426989934,0.279348934,0.220688359,0.678463824,0.871566628,0.261934858,0.190947007,0.623064831,0.899042614,0.088028222,0.441906962,0.599941561,0.075760382,0.236727114,0.404636606,0.744419503,0.956796971,0.41257105,0.232494938,0.525172154,0.96344934,0.460634188,0.40149375,0.062930091,0.514176921,0.766557788,0.456294941,0.783388435
0.884111105,0.375357466,0.527404977,0.753254328,0.923943098,NA,0.010681568,0.960286184,0.582264737,0.641786385,0.90419719,0.052491639,0.706747112,0.599672314,0.585858752,0.88846809,0.696057353,0.078224218,0.53245004,0.176029056,0.416038292,0.471807082,0.70347186,0.481397048,0.549654654,0.671846792,0.542954282,0.577295085,0.152144193,0.579889912,0.439279633,0.165686919,0.020379962,0.376678166,0.977710207,0.90677497,0.975086564,0.631446922,0.857074093,0.991885294,0.400211467,0.706838781,0.842703382,0.564670199,0.840354773,0.420319004,0.622049371,0.660213177,0.502830857,0.627506459,0.893913078,0.303129717,0.771414573,0.940860743,0.342764576,0.139452526,0.621039263,0.671746475,0.043845755,0.522841265,0.843590972,0.006870212,0.880361244,0.407180363,0.154836306,0.166303513,0.641672007,0.380122669,0.139873817,0.617931051,0.97290403,0.337615127,0.471876697,0.689336001,0.042989519
0.388907138,0.92871344,0.667753405,0.306502988,0.878187808,0.010681568,NA,0.596796797,0.263361103,0.262803916,0.29277012,0.603965845,0.361647186,0.784806434,0.570691137,0.544820433,0.888579372,0.436719728,0.762564709,0.003108187,0.081300602,0.272040263,0.336133229,0.642603035,0.016555826,0.480663901,0.245053103,0.234102734,0.091907962,0.320867263,0.255041173,0.412237494,0.210340541,0.202960211,0.22059725,0.919718294,0.924470412,0.982794671,0.72138213,0.454893706,0.560683629,0.417615363,0.026847125,0.342572556,0.846263363,0.414408391,0.069763869,0.904227833,0.074040963,0.889728491,0.071060629,1,0.203296528,0.572369133,0.733393075,0.670253994,0.076679037,0.797967264,0.692630352,0.097107968,0.038323237,0.481666064,0.876148259,0.61039506,0.238829191,0.647825425,0.646489628,0.218263916,0.178681992,0.669752683,0.342157351,0.458450079,0.157896148,0.156424184,0.841946304
0.705493771,0.514863036,0.624743332,0.091042104,0.12251075,0.960286184,0.596796797,NA,0.222535138,0.931057955,0.930229093,0.661299968,0.421400662,0.107028572,0.285866108,0.663780156,0.620725406,0.187948547,0.88405676,0.912924284,0.373152056,0.968577604,0.233809126,0.28441022,0.206018701,0.304529699,0.770171287,0.83799035,0.868037898,0.560189415,0.685530539,0.642450805,0.279639021,0.603808242,0.054903831,0.768450586,0.802364365,0.420882293,0.746549933,0.789678308,0.440978941,0.310278093,0.349895575,0.065739553,0.447623825,0.834935162,0.332364374,0.309685285,0.38772011,0.518104376,0.009728435,0.570749662,0.291393823,0.732223208,0.139525871,0.58380604,0.080486213,0.871718095,0.552634534,0.98451458,0.809396346,0.195399885,0.566302697,0.137427801,0.122971,0.185495413,0.654689696,0.44185065,0.425897737,0.661801877,0.711281048,0.596686993,0.626573745,0.250556317,0.01874396
0.873491895,0.468631631,0.254683382,0.956256707,0.402459591,0.582264737,0.263361103,0.222535138,NA,0.834508186,0.6089638,0.785528847,0.26028013,0.188829101,0.782816837,0.121656825,0.631657202,0.128633547,0.604546585,0.291922785,0.840609444,0.158925202,0.151007369,0.024607006,0.836984869,0.045780845,0.720349369,0.758371117,0.356609143,0.815620875,0.516845716,0.563254102,0.644420347,0.831751423,0.567458973,0.657325126,0.18467858,0.048604678,0.027163796,0.314810677,0.029977062,0.67016491,0.136436276,0.404227974,0.91441539,0.628167437,0.202788507,0.065131517,0.202810344,0.962045968,0.324604669,0.169718579,0.335748128,0.30016786,0.420474294,0.387275133,0.345959382,0.047402272,0.997919519,0.759481327,0.237179735,0.634453872,0.436801974,0.858182444,0.515254509,0.432573219,0.459345425,0.716431418,0.69399521,0.408435545,0.12748187,0.310323876,0.300024514,0.315121614,0.294615494
0.132948815,0.179426626,0.290260495,0.095181664,0.915479415,0.641786385,0.262803916,0.931057955,0.834508186,NA,0.906014684,0.434144127,0.29260778,0.448025485,0.934118875,0.251264043,0.418785434,0.221401511,0.876420202,0.829799249,0.699155628,0.156094162,0.619845263,0.012691257,0.323662112,0.513068677,0.754606582,0.642660098,0.70608945,0.369510032,0.155783595,0.234414072,0.619887379,0.937818274,0.472095713,0.50551709,0.697200728,0.621786762,0.45978306,0.937440383,0.580334011,0.653380287,0.273457596,0.06173067,0.286210077,0.225855141,0.369491635,0.424250925,0.448533409,0.7125121,0.82517124,0.366921898,0.028017469,0.788956098,0.781948082,0.140096163,0.785807952,0.230391735,0.269403655,0.633115027,0.688172281,0.939266123,0.650053181,0.64440264,0.552050559,0.845581586,0.344296939,0.805872395,0.40720856,0.68206925,0.703249653,0.679469749,0.314637337,0.373995225,0.960902783
0.163120128,0.445591491,0.787904439,0.043969062,0.111886381,0.90419719,0.29277012,0.930229093,0.6089638,0.906014684,NA,0.488662173,0.451453461,0.205413659,0.198827147,0.051303366,0.924325132,0.519923174,0.000183192,0.957330504,0.255523748,0.437978787,0.457921614,0.809744202,0.596643615,0.45006881,0.384206209,0.5350214,0.238917831,0.160107209,0.976467197,0.729850394,0.074779956,0.152875636,0.689401483,0.535785305,0.11782894,0.140849513,0.277163395,0.630013029,0.679862803,0.553091528,0.386536945,0.220765828,0.877815913,0.243282865,0.425135423,0.683354525,0.042630828,0.535919307,0.875647527,0.912425842,0.419054134,0.112849986,0.253679073,0.556547109,0.17174186,0.094156896,0.439179777,0.429205558,0.043365005,0.283646091,0.583449899,0.102631074,0.32427816,0.053832354,0.690183641,0.899997768,0.333770543,0.48000034,0.036243866,0.209817512,0.23561225,0.729581816,0.540127656
0.512271563,0.251276766,0.140305404,0.016748637,0.89244092,0.052491639,0.603965845,0.661299968,0.785528847,0.434144127,0.488662173,NA,0.842796108,0.321328833,0.889776762,0.924214743,0.73486603,0.800307933,0.633390898,0.528575743,0.079841701,0.545810113,0.143069947,0.748655968,0.020881913,0.861153125,0.071138674,0.090351227,0.681924166,0.945395075,0.044872047,0.933666317,0.602096092,0.603507927,0.439315223,0.414965937,0.937251259,0.672376694,0.734479812,0.776543705,0.381524898,0.027279025,0.953518451,0.199817866,0.558556184,0.803570176,0.454384904,0.841630807,0.472646244,0.291448098,0.065135455,0.382135425,0.707413806,0.907483016,0.924552577,0.476729441,0.847387844,0.727929754,0.948644445,0.7081686,0.798228134,0.559964026,0.410614698,0.269197574,0.102246177,0.193867736,0.426805862,0.093631741,0.53689793,0.862387426,0.329934284,0.063894683,0.136430434,0.913651251,0.821352373
0.80580359,0.179802431,0.52719617,0.251692189,0.730574117,0.706747112,0.361647186,0.421400662,0.26028013,0.29260778,0.451453461,0.842796108,NA,0.761645075,0.37517003,0.204152038,0.239741903,0.061847118,0.01851157,0.774897852,0.474167046,0.641140962,0.803875416,0.983697272,0.392465459,0.325760777,0.041565198,0.471412227,0.817702715,0.437982677,0.596347221,0.74794198,0.102533855,0.764095738,0.676947703,0.423268785,0.604747326,0.508333561,0.03170135,0.604008953,0.165370719,0.357422835,0.587069015,0.309368019,0.500112723,0.662185198,0.492710003,0.649756161,0.805042854,0.107635529,0.850546445,0.841867227,0.43599502,0.238857957,0.142279023,0.008764363,0.470550257,0.891523887,0.492025002,0.711279552,0.495451266,0.152893011,0.58517052,0.728514191,0.570338206,0.337515921,0.036970022,0.324943942,0.9991851,0.829511261,0.352357814,0.64409589,0.560746753,0.854814698,0.92051938
0.430849831,0.692883341,0.249229882,0.41654013,0.176583157,0.599672314,0.784806434,0.107028572,0.188829101,0.448025485,0.205413659,0.321328833,0.761645075,NA,0.326150779,0.479393771,0.142837706,0.174476328,0.837908093,0.625323697,0.452240702,0.327598168,0.407351499,0.499958417,0.904952349,0.499251894,0.627028794,0.245237262,0.605462276,0.752313757,0.592617856,0.950411949,0.606142954,0.595739721,0.464402475,0.610576442,0.967628861,0.056471667,0.969950174,0.070986386,0.423328556,0.160861178,0.217471655,0.764635304,0.266204827,0.827917273,0.708873552,0.622155673,0.623505903,0.324707747,0.496812436,0.45903337,0.665209538,0.70333062,0.190321342,0.857681961,0.031420977,0.448798281,0.163211547,0.28293315,0.710205855,0.889488492,0.124189019,0.474099142,0.93972842,0.594686194,0.430017109,0.720094971,0.885866545,0.29304804,0.078206961,0.181847463,0.907565038,0.467263655,0.213930225
0.397741963,0.134233534,0.325585581,0.072976981,0.931513574,0.585858752,0.570691137,0.285866108,0.782816837,0.934118875,0.198827147,0.889776762,0.37517003,0.326150779,NA,0.799772081,0.824908142,0.246197697,0.955062536,0.94633605,0.375900124,0.511293056,0.166495068,0.915812645,0.755818006,0.709002597,0.869495925,0.753729103,0.174002627,0.20518635,0.151117262,0.303409221,0.410554348,0.29905901,0.080060887,0.251824461,0.094006746,0.641300036,0.007062829,0.44545593,0.564919049,0.451692728,0.88969886,0.619101703,0.761247264,0.833750008,0.559636512,0.696336413,0.134267368,0.451627638,0.367049042,0.549183856,0.735202879,0.4405079,0.065629297,0.04598513,0.472660918,0.090378273,0.641327406,0.828195083,0.352729887,0.93085699,0.062141916,0.483202057,0.049312928,0.106826379,0.913830025,0.325046982,0.036184808,0.247587056,0.870731455,0.255427359,0.054781789,0.265134506,0.838028557
0.236186831,0.792002531,0.892053302,0.509178495,0.51093669,0.88846809,0.544820433,0.663780156,0.121656825,0.251264043,0.051303366,0.924214743,0.204152038,0.479393771,0.799772081,NA,0.997534859,0.017518036,0.285676376,0.982376151,0.688897055,0.20658227,0.391097957,0.193815835,0.818292469,0.463081818,0.366023664,0.192917766,0.604788367,0.523937497,0.94345667,0.195383253,0.060128784,0.567429057,0.975735213,0.778889028,0.832375522,0.428693771,0.526774041,0.418450839,0.164711884,0.551588876,0.132505331,0.651523378,0.854795512,0.039511405,0.191307317,0.426626737,0.200927658,0.797725202,0.191112772,0.645483855,0.024643909,0.052764335,0.237344636,0.962463396,0.027650395,0.451156792,0.716289653,0.848565763,0.676537339,0.116098951,0.719268855,0.620890848,0.452072234,0.265924415,0.73048014,0.444547648,0.037430884,0.815398467,0.444234555,0.975874095,0.781515282,0.08678606,0.296155502
0.620037622,0.790819715,0.414562572,0.632327822,0.392942855,0.696057353,0.888579372,0.620725406,0.631657202,0.418785434,0.924325132,0.73486603,0.239741903,0.142837706,0.824908142,0.997534859,NA,0.018481956,0.004302468,0.524919837,0.514078341,0.215894131,0.915142958,0.619832165,0.090385458,0.030371268,0.228625522,0.268896241,0.648471505,0.032624764,0.815527168,0.746800978,0.523790001,0.682547277,0.406769912,0.824116809,0.934531203,0.994302697,0.120139249,0.519290784,0.931436598,0.482824781,0.651587745,0.673760849,0.171071864,0.795891673,0.961372105,0.398371011,0.613639364,0.377295712,0.337276547,0.242614877,0.133092385,0.670924573,0.134614715,0.057665519,0.933279855,0.113915568,0.420617739,0.862287225,0.019376168,0.236061023,0.993081456,0.253677907,0.744120727,0.082503842,0.00529257,0.597922071,0.424383739,0.30338386,0.047761669,0.173276413,0.377975007,0.222937623,0.650091414
0.332440563,0.956245763,0.220064489,0.821088238,0.666528207,0.078224218,0.436719728,0.187948547,0.128633547,0.221401511,0.519923174,0.800307933,0.061847118,0.174476328,0.246197697,0.017518036,0.018481956,NA,0.087617113,0.139284485,0.48008935,0.910179275,0.751419136,0.256668261,0.540037972,0.548336466,0.928787076,0.996892434,0.528119264,0.527518641,0.494019827,0.835827377,0.55092741,0.190575119,0.987474692,0.859223838,0.050905016,0.503592598,0.981892724,0.317249286,0.115962029,0.379641565,0.698490524,0.600215317,0.407033562,0.90066741,0.703269279,0.611515942,0.73330452,0.32907403,0.126511977,0.785605477,0.634720455,0.643985528,0.464765431,0.386643242,0.913247725,0.316633973,0.800459737,0.290068888,0.348197999,0.581763987,0.698630325,0.288956081,0.910157891,0.586820772,0.826117276,0.131350249,0.092208996,0.784532238,0.078530239,0.953866448,0.247231197,0.481905974,0.574838724
0.466071491,0.837630863,0.997617023,0.54476974,0.591867549,0.53245004,0.762564709,0.88405676,0.604546585,0.876420202,0.000183192,0.633390898,0.01851157,0.837908093,0.955062536,0.285676376,0.004302468,0.087617113,NA,0.139354537,0.270760032,0.896171023,0.265306786,0.635289889,0.818900224,0.451514612,0.966034248,0.346578954,0.413627863,0.821182409,0.296644333,0.869556464,0.60042027,0.687165658,0.683318869,0.389243551,0.017913089,0.397339559,0.249541525,0.602837783,0.621729907,NA,0.086210675,0.684138692,0.846521847,0.302274294,0.143116103,0.577290992,0.211887394,0.703392845,0.142426047,0.229055102,0.38175554,0.584149371,0.752134157,0.426832919,0.311572034,0.393119861,0.052494882,0.136530949,0.982292261,0.68231481,0.177369902,0.611150797,0.199958866,0.252030004,0.593928099,0.334163026,0.155232342,0.507138676,0.373860695,0.885882696,0.159162005,0.937466022,0.858593886
0.938586888,0.752995965,0.905084049,0.218769978,0.387779282,0.176029056,0.003108187,0.912924284,0.291922785,0.829799249,0.957330504,0.528575743,0.774897852,0.625323697,0.94633605,0.982376151,0.524919837,0.139284485,0.139354537,NA,0.88138974,0.468611352,0.046901863,0.045623195,0.336005073,0.809940713,0.128403499,0.701860655,0.430404063,0.067963605,0.723370614,0.521950155,0.161226995,0.359770486,0.052869295,0.203720313,0.20440403,0.025412315,0.438778643,0.415832173,0.085626813,0.732414128,0.885375909,0.19919648,0.294640082,0.300480725,0.286183404,0.944683392,0.938379703,0.054289735,0.798464541,0.381864779,0.992297734,0.118995309,0.684916211,0.579247967,0.633900208,0.485743614,0.140890008,0.309003115,0.024234736,0.834001626,0.697929417,0.012914052,0.117213024,0.06414302,0.955937441,0.863416095,0.741101275,0.699974844,0.673748584,0.117926184,0.596478838,0.280929093,0.682114375
0.882137363,0.604664302,0.465610376,0.405205145,0.252322227,0.416038292,0.081300602,0.373152056,0.840609444,0.699155628,0.255523748,0.079841701,0.474167046,0.452240702,0.375900124,0.688897055,0.514078341,0.48008935,0.270760032,0.88138974,NA,0.360525376,0.632660912,0.41460319,0.729230148,0.312714248,0.02349965,0.836353989,0.65753225,0.913569465,0.757338908,0.4553537,0.868817358,0.844637388,0.499455246,0.524221929,0.778778064,0.042778104,0.39102261,0.091732176,0.587335171,0.487498468,0.833056883,0.010436132,0.460041836,0.028673864,0.480888098,0.120999955,0.173568495,0.492551797,0.243613108,0.852537851,0.752289946,0.513571421,0.963245075,0.248190565,0.224994778,0.959689334,0.838540477,0.503803011,0.563334204,0.736926386,0.085773019,0.648906924,0.930311339,0.124914115,0.887986485,0.004176877,0.576700828,0.42215246,0.533683794,0.333547128,0.675669612,0.857657602,0.702264377
0.153454159,0.94712163,0.324662214,0.919337528,0.774174976,0.471807082,0.272040263,0.968577604,0.158925202,0.156094162,0.437978787,0.545810113,0.641140962,0.327598168,0.511293056,0.20658227,0.215894131,0.910179275,0.896171023,0.468611352,0.360525376,NA,0.481026588,0.535869255,0.10001501,0.511018795,0.357092046,0.000262483,0.676465693,0.947013882,0.416420269,0.004032245,0.050769413,0.544119431,0.998848172,0.284300234,0.578900999,0.6141963,0.016521144,0.097385861,0.814584134,0.079793864,0.802647934,0.300380018,0.557908106,0.148411425,0.644424674,0.859460198,0.101174062,0.832660219,0.28851924,0.412082416,0.299033292,0.86174457,0.934412394,0.197869239,0.002901092,0.75160885,0.97063097,0.545140704,0.651864407,0.504473738,0.12839643,0.596646083,0.999089441,0.939865863,0.3405675,0.437805074,0.811110102,0.315775891,0.78812743,0.858432474,0.450172158,0.094377827,0.88721329
0.754432124,0.230641045,0.607901355,0.359799253,0.101254983,0.70347186,0.336133229,0.233809126,0.151007369,0.619845263,0.457921614,0.143069947,0.803875416,0.407351499,0.166495068,0.391097957,0.915142958,0.751419136,0.265306786,0.046901863,0.632660912,0.481026588,NA,0.160005477,0.826257389,0.506219011,0.681978916,0.559501759,0.299788946,0.913841492,0.052812155,0.509688993,0.302120164,0.698544288,0.60877256,0.761835024,0.58817388,0.690291874,0.687827659,0.051860218,0.77908594,0.196118116,0.887045213,0.417303332,0.058766509,0.80890186,0.689177536,0.051525965,0.011832865,0.543024258,0.203274977,0.471510805,0.356963245,0.880734225,0.401763017,0.605628209,0.027756128,0.673441618,0.433126568,0.954300284,0.186070949,0.52908893,0.952235879,0.891061423,0.983548363,0.905059088,0.465755048,0.406321476,0.935931014,0.658704483,0.937123762,0.274658284,0.671190051,0.281434648,0.96267993
0.217457205,0.800926354,0.146343582,0.788078632,0.843917564,0.481397048,0.642603035,0.28441022,0.024607006,0.012691257,0.809744202,0.748655968,0.983697272,0.499958417,0.915812645,0.193815835,0.619832165,0.256668261,0.635289889,0.045623195,0.41460319,0.535869255,0.160005477,NA,0.649220186,0.634246359,0.906600814,0.326063509,0.751659691,0.524332161,0.205888974,0.434174325,0.677042409,0.351245295,0.05779719,0.582352613,0.719590712,0.292920597,0.897136091,0.130878335,0.048273086,0.00050818,0.701141104,0.804655169,0.961088565,0.910137425,0.909666147,0.71745698,0.920404286,0.171383584,0.345272264,0.968659177,0.240032658,0.010721811,0.7367181,0.321938562,0.409867837,0.636161946,0.389281339,0.400785195,0.867996081,0.145145764,0.10037577,0.457026327,0.952424576,0.929762914,0.449895078,0.629224389,0.140951495,0.668856085,0.936608941,0.488453029,0.911869552,0.511505714,0.06728665
0.06294396,0.084762501,0.3964531,0.615964897,0.69114695,0.549654654,0.016555826,0.206018701,0.836984869,0.323662112,0.596643615,0.020881913,0.392465459,0.904952349,0.755818006,0.818292469,0.090385458,0.540037972,0.818900224,0.336005073,0.729230148,0.10001501,0.826257389,0.649220186,NA,0.273030047,0.074883921,0.324886845,0.568356302,0.388510931,0.5153673,0.532235646,0.298591788,0.121205242,0.625125492,0.230931996,0.545176845,0.056493087,0.188517575,0.490130239,0.110987101,0.051039327,0.99387703,0.770395565,0.722937324,0.736515728,0.818842324,0.086402886,0.961089647,0.637794878,0.37855802,0.929941241,0.252280678,0.668574016,0.895218676,0.518999563,0.196624652,0.417890075,0.913532631,0.363110843,0.630044512,0.116734794,0.045906148,0.069804942,0.848156461,0.36593696,0.426405628,0.442279619,0.541996126,0.608286466,0.071132836,0.967491945,0.383355985,0.909119069,0.464022827
0.620438243,0.27524807,0.27503549,0.18967365,0.74901593,0.671846792,0.480663901,0.304529699,0.045780845,0.513068677,0.45006881,0.861153125,0.325760777,0.499251894,0.709002597,0.463081818,0.030371268,0.548336466,0.451514612,0.809940713,0.312714248,0.511018795,0.506219011,0.634246359,0.273030047,NA,0.724532709,0.140013322,0.829486082,0.936591129,0.466691429,0.674482765,0.005281482,0.350977775,0.11492203,0.791470085,0.284939875,0.256007289,0.233108532,0.223356756,0.374441042,0.517495311,0.745991092,0.686485256,0.411504721,0.240125752,0.918192671,0.921001427,0.355603304,0.656990557,0.105100938,0.243158606,0.925126792,0.860888902,0.032796861,0.921364995,0.045586016,0.774501383,0.179049028,0.028944565,0.187459884,0.392731843,0.167964376,0.278718749,0.239276342,0.886011865,0.786851484,0.887863135,0.072036039,0.691109249,0.585617073,0.577568081,0.655067693,0.315978422,0.595852011
0.143107009,0.690285928,0.278696171,0.352106615,0.391071258,0.542954282,0.245053103,0.770171287,0.720349369,0.754606582,0.384206209,0.071138674,0.041565198,0.627028794,0.869495925,0.366023664,0.228625522,0.928787076,0.966034248,0.128403499,0.02349965,0.357092046,0.681978916,0.906600814,0.074883921,0.724532709,NA,0.869646382,0.191029807,0.676839656,0.334154981,0.474882434,0.210280106,0.046820838,0.999677908,0.390909535,0.257094618,0.926030422,0.8476741,0.73077372,0.267669704,0.534587928,0.366842931,0.681631421,0.882478909,0.730953606,0.759942936,0.902058948,0.612252627,0.582894489,0.334015205,0.524627678,0.627785585,0.786321697,0.842684453,0.915263294,0.890286293,0.231904485,0.029644404,0.126744232,0.114177825,0.843891484,0.870291012,0.668414986,0.879847077,0.291917755,0.842710669,0.553679048,0.553127447,0.598465218,0.190795955,0.018743624,0.726373864,0.045830076,0.807767848
0.993645131,0.738523318,0.226555219,0.879340401,0.422876032,0.577295085,0.234102734,0.83799035,0.758371117,0.642660098,0.5350214,0.090351227,0.471412227,0.245237262,0.753729103,0.192917766,0.268896241,0.996892434,0.346578954,0.701860655,0.836353989,0.000262483,0.559501759,0.326063509,0.324886845,0.140013322,0.869646382,NA,0.64809607,0.230236275,0.750560531,0.657788944,0.928177072,0.406100118,0.449914439,0.651950555,0.037947485,0.493653547,0.681262883,0.820775177,0.953106995,0.500712216,0.329860729,0.262805929,0.658015654,0.365169959,0.351162099,0.424784808,0.525625636,0.618384188,0.904614357,0.377896453,0.674759383,0.839009206,0.151224659,0.744170785,0.225271714,0.388616126,0.4284947,0.713821864,0.074541841,0.699008985,0.643857747,0.556237579,0.912054959,0.44744668,0.954106115,0.700905306,0.09172769,0.956738803,0.529405458,0.063655828,0.268546994,0.603570651,0.4192677
0.738674402,0.720263485,0.44994521,0.422553723,0.739246133,0.152144193,0.091907962,0.868037898,0.356609143,0.70608945,0.238917831,0.681924166,0.817702715,0.605462276,0.174002627,0.604788367,0.648471505,0.528119264,0.413627863,0.430404063,0.65753225,0.676465693,0.299788946,0.751659691,0.568356302,0.829486082,0.191029807,0.64809607,NA,0.40137234,0.15702453,0.706530764,0.79194017,0.195839249,0.710001838,0.355525541,0.98474451,0.192900963,0.114800893,0.823631091,0.544298115,0.92033398,0.272096139,0.550980318,0.918471226,0.684428215,0.566980322,0.169423147,0.155827229,0.602220393,0.975054607,0.978656062,0.771035899,0.67246799,0.515640842,0.692652595,0.709153045,0.147176641,0.188406142,0.211609575,0.070861289,0.045401784,0.809326431,0.818384648,0.532596829,0.805426721,0.760308571,0.60490408,0.80600747,0.925776276,0.625851888,0.152783067,0.638373219,0.619186076,0.479884426
0.352452688,0.420566194,0.764634318,0.245080296,0.844108918,0.579889912,0.320867263,0.560189415,0.815620875,0.369510032,0.160107209,0.945395075,0.437982677,0.752313757,0.20518635,0.523937497,0.032624764,0.527518641,0.821182409,0.067963605,0.913569465,0.947013882,0.913841492,0.524332161,0.388510931,0.936591129,0.676839656,0.230236275,0.40137234,NA,0.609822535,0.192405033,0.139021864,0.776628747,0.887258342,0.036884376,0.309668836,0.987986999,0.344788898,0.819542522,0.003816829,0.477906361,0.098106697,0.905123392,0.311875118,0.766839406,0.431365536,0.851061369,0.443029346,0.909594917,0.054108933,0.695990291,0.269764438,0.329424725,0.346195756,0.893407956,0.826793224,0.274037451,0.743026165,0.440402237,0.703517359,0.06639481,0.280408925,0.81377476,0.462474732,0.564450407,0.266298318,0.163213593,0.72434133,0.523787881,0.46703174,0.33546183,0.58050935,0.558741541,0.791975858
0.098241104,0.290887226,0.284517784,0.659989467,0.89512892,0.439279633,0.255041173,0.685530539,0.516845716,0.155783595,0.976467197,0.044872047,0.596347221,0.592617856,0.151117262,0.94345667,0.815527168,0.494019827,0.296644333,0.723370614,0.757338908,0.416420269,0.052812155,0.205888974,0.5153673,0.466691429,0.334154981,0.750560531,0.15702453,0.609822535,NA,0.115773879,0.785505697,0.108580912,0.87161504,0.787202567,0.650168697,0.713323415,0.794573917,0.877579164,0.009262808,0.461326329,0.046671382,0.844643474,0.794085213,0.377133884,0.105991207,0.226382092,0.115996443,0.627077952,0.060654511,0.287727102,0.111616295,0.384603987,0.980595935,0.902630646,0.597041237,0.771304791,0.035425028,0.529629256,0.575255464,0.058370493,0.795768116,0.571544637,0.154215455,0.065867659,0.962772395,0.769072873,0.521901857,0.05960869,0.972216544,0.413180652,0.623257923,0.95800471,0.365183881
0.70134377,0.637601801,0.661084605,0.591943833,0.725218601,0.165686919,0.412237494,0.642450805,0.563254102,0.234414072,0.729850394,0.933666317,0.74794198,0.950411949,0.303409221,0.195383253,0.746800978,0.835827377,0.869556464,0.521950155,0.4553537,0.004032245,0.509688993,0.434174325,0.532235646,0.674482765,0.474882434,0.657788944,0.706530764,0.192405033,0.115773879,NA,0.796951569,0.925137918,0.271802908,0.226351491,0.997297705,0.842706909,0.299886884,0.170456977,0.983710998,0.82785188,0.323198417,0.638424991,0.711021022,0.641344244,0.349465669,0.689004755,0.195967396,0.661329024,0.196837787,0.174488368,0.940457361,0.069214431,0.514036835,0.645479743,0.508995264,0.394589379,0.668135755,0.860231809,0.50040805,0.295311482,0.182208273,0.214972483,0.474193397,0.276417311,0.955094452,0.380348622,0.31945959,0.99691609,0.345377162,0.55885462,0.903923439,0.838970402,0.722692841
0.85034728,0.59775112,0.652874235,0.930424471,0.394065386,0.020379962,0.210340541,0.279639021,0.644420347,0.619887379,0.074779956,0.602096092,0.102533855,0.606142954,0.410554348,0.060128784,0.523790001,0.55092741,0.60042027,0.161226995,0.868817358,0.050769413,0.302120164,0.677042409,0.298591788,0.005281482,0.210280106,0.928177072,0.79194017,0.139021864,0.785505697,0.796951569,NA,0.387861798,0.102083073,0.008480842,0.972446818,0.288797907,0.482447975,0.61726866,0.152292485,0.472478367,0.318811089,0.286335821,0.60287858,0.237721526,0.001249539,0.551918412,0.697902244,0.023297993,0.197377008,0.674585672,0.977938355,0.525633854,0.076500523,0.406715803,0.770161385,0.340828088,0.983423662,0.165957774,0.324020692,0.157682613,0.801169654,0.322359921,0.09065445,0.781765834,0.142112232,0.688770632,0.22496763,0.213252499,0.785065348,0.542687715,0.892893731,0.074397985,0.115813442
0.525947675,0.557385803,0.820648133,0.299328613,0.249423793,0.376678166,0.202960211,0.603808242,0.831751423,0.937818274,0.152875636,0.603507927,0.764095738,0.595739721,0.29905901,0.567429057,0.682547277,0.190575119,0.687165658,0.359770486,0.844637388,0.544119431,0.698544288,0.351245295,0.121205242,0.350977775,0.046820838,0.406100118,0.195839249,0.776628747,0.108580912,0.925137918,0.387861798,NA,0.910597082,0.187037454,0.631161607,0.43255602,0.99720769,0.238727916,0.562692386,0.092958815,0.017557855,0.779590646,0.574721536,0.31344456,0.010017472,0.367369112,0.948855734,0.52292874,0.429229074,0.867192626,0.138936979,0.49164687,0.389775332,0.397212024,0.51608366,0.828848735,0.010418222,0.400291605,0.360250628,0.185446576,0.700177594,0.450502169,0.551289807,0.175632062,0.990115966,0.098813061,0.976791358,0.7918608,0.34686449,0.449936981,0.194917005,0.00236388,0.575570806
0.211026967,0.484923068,0.00819589,0.448227846,0.698134379,0.977710207,0.22059725,0.054903831,0.567458973,0.472095713,0.689401483,0.439315223,0.676947703,0.464402475,0.080060887,0.975735213,0.406769912,0.987474692,0.683318869,0.052869295,0.499455246,0.998848172,0.60877256,0.05779719,0.625125492,0.11492203,0.999677908,0.449914439,0.710001838,0.887258342,0.87161504,0.271802908,0.102083073,0.910597082,NA,0.853353523,0.737827952,0.38502296,0.179285781,0.826202698,0.264564714,0.153548076,0.157872477,0.122965927,0.249367207,0.809136685,0.660985489,0.098387195,0.404196881,0.899370544,0.457386597,0.619735451,0.643067209,0.948262517,0.148876297,0.809309799,0.96228539,0.028601786,0.672415541,0.295156033,0.978555193,0.714084904,0.862929134,0.307342398,0.159450348,0.002349566,0.306289698,0.644899744,0.409155871,0.895890203,0.353910819,0.444736046,0.816910121,0.296347224,0.546138971
0.031308807,0.670345208,0.720636087,0.940767409,0.960868658,0.90677497,0.919718294,0.768450586,0.657325126,0.50551709,0.535785305,0.414965937,0.423268785,0.610576442,0.251824461,0.778889028,0.824116809,0.859223838,0.389243551,0.203720313,0.524221929,0.284300234,0.761835024,0.582352613,0.230931996,0.791470085,0.390909535,0.651950555,0.355525541,0.036884376,0.787202567,0.226351491,0.008480842,0.187037454,0.853353523,NA,0.348594463,0.633749601,0.038175477,0.881781976,0.081824069,0.864613005,NA,0.562325098,0.955605986,0.435790907,0.420097851,0.472078687,0.448960683,0.086483631,0.866939585,0.302516597,0.573643183,0.055166305,0.537652105,0.799808276,0.819243776,0.461858767,0.67833396,0.539851297,0.774905706,0.561958618,0.034086213,0.953024185,0.165307528,0.045655342,0.340665304,0.104161112,0.247265362,0.362880011,0.157893036,0.69705364,0.15083389,0.896095643,0.156728627
0.484592817,0.49340941,0.18849649,0.767708329,0.973916217,0.975086564,0.924470412,0.802364365,0.18467858,0.697200728,0.11782894,0.937251259,0.604747326,0.967628861,0.094006746,0.832375522,0.934531203,0.050905016,0.017913089,0.20440403,0.778778064,0.578900999,0.58817388,0.719590712,0.545176845,0.284939875,0.257094618,0.037947485,0.98474451,0.309668836,0.650168697,0.997297705,0.972446818,0.631161607,0.737827952,0.348594463,NA,0.552328546,0.656448186,0.697744595,0.670778628,0.837149446,0.341558757,0.58352206,0.86767352,0.870998109,0.631037032,0.142130752,0.208255825,0.293888399,0.74315814,0.183663938,0.963899846,0.142518286,0.559042095,0.429772907,0.374110184,0.483860766,0.987811592,0.249889108,0.489402584,0.236528915,0.671515835,0.157318969,0.124155667,0.136372793,0.141705255,0.806986041,0.174958577,0.909662558,0.120787607,0.692715802,0.236534095,0.671738398,0.236869179
0.661264481,0.308662628,0.817254331,0.870514906,0.554641608,0.631446922,0.982794671,0.420882293,0.048604678,0.621786762,0.140849513,0.672376694,0.508333561,0.056471667,0.641300036,0.428693771,0.994302697,0.503592598,0.397339559,0.025412315,0.042778104,0.6141963,0.690291874,0.292920597,0.056493087,0.256007289,0.926030422,0.493653547,0.192900963,0.987986999,0.713323415,0.842706909,0.288797907,0.43255602,0.38502296,0.633749601,0.552328546,NA,0.851245394,0.081148787,0.813596948,0.35303993,0.366050079,0.484251843,0.640114186,0.089836556,0.914837608,0.072371277,0.436002754,0.884251815,0.686910853,0.639665835,0.635886535,0.203249838,0.711859571,0.974212665,0.967035307,0.343224088,0.489422169,0.831990475,0.660575089,0.610349454,0.409893479,0.283295153,0.601139817,0.996899759,0.18871324,0.906656198,0.079174616,0.206896107,0.6406359,0.557192754,0.375202848,0.873050749,0.482192443
0.886309118,0.634279912,0.738040199,0.591156149,0.523451891,0.857074093,0.72138213,0.746549933,0.027163796,0.45978306,0.277163395,0.734479812,0.03170135,0.969950174,0.007062829,0.526774041,0.120139249,0.981892724,0.249541525,0.438778643,0.39102261,0.016521144,0.687827659,0.897136091,0.188517575,0.233108532,0.8476741,0.681262883,0.114800893,0.344788898,0.794573917,0.299886884,0.482447975,0.99720769,0.179285781,0.038175477,0.656448186,0.851245394,NA,0.68513448,0.526620868,0.039564996,0.316860404,0.41345763,0.128870553,0.85564515,0.359552763,0.510611389,0.276717553,0.516722484,0.818921886,0.682099744,0.486342063,0.522299648,0.880527183,0.539815943,0.352874416,0.841897324,0.206351901,0.853970489,0.936475597,0.782465092,0.441708084,0.905161945,0.422073046,0.687471416,0.693124115,0.116276987,0.522369679,0.725371863,0.767982911,0.979069917,0.310124528,0.195159948,0.225394038
0.311323852,0.398162247,0.269787418,0.240913091,0.573329439,0.991885294,0.454893706,0.789678308,0.314810677,0.937440383,0.630013029,0.776543705,0.604008953,0.070986386,0.44545593,0.418450839,0.519290784,0.317249286,0.602837783,0.415832173,0.091732176,0.097385861,0.051860218,0.130878335,0.490130239,0.223356756,0.73077372,0.820775177,0.823631091,0.819542522,0.877579164,0.170456977,0.61726866,0.238727916,0.826202698,0.881781976,0.697744595,0.081148787,0.68513448,NA,0.194949312,0.379855517,0.449091575,0.167388103,0.431971685,0.23823105,0.659818274,0.119687982,0.193764511,0.906369151,0.17941335,0.762713254,0.030982222,0.493296832,0.491139247,0.439851829,0.534595382,0.483510544,0.196779071,0.782073601,0.992073102,0.018989731,0.637735407,0.607038342,NA,0.568712222,0.502314995,0.230990595,0.737184335,0.544352347,0.908884006,0.520852479,0.546568475,0.985486479,0.850774832
0.290351394,0.775774319,0.263281479,0.286581632,0.909002323,0.400211467,0.560683629,0.440978941,0.029977062,0.580334011,0.679862803,0.381524898,0.165370719,0.423328556,0.564919049,0.164711884,0.931436598,0.115962029,0.621729907,0.085626813,0.587335171,0.814584134,0.77908594,0.048273086,0.110987101,0.374441042,0.267669704,0.953106995,0.544298115,0.003816829,0.009262808,0.983710998,0.152292485,0.562692386,0.264564714,0.081824069,0.670778628,0.813596948,0.526620868,0.194949312,NA,0.240996097,0.938076432,0.546022577,0.292052088,0.979616565,0.46426713,0.811382513,0.275117072,0.949551574,0.606853127,0.311058326,0.804961945,0.369131988,0.620762389,0.215099147,0.09771526,0.083349406,0.506499943,0.429893125,0.584988954,0.107336226,0.532232544,0.064691004,0.649312866,0.187925802,0.21280734,0.037213503,0.315741084,0.780137279,0.840217504,0.855791588,0.726127075,0.126219595,0.281187107
0.219570452,0.841796811,0.155794856,0.508596274,0.650458814,0.706838781,0.417615363,0.310278093,0.67016491,0.653380287,0.553091528,0.027279025,0.357422835,0.160861178,0.451692728,0.551588876,0.482824781,0.379641565,NA,0.732414128,0.487498468,0.079793864,0.196118116,0.00050818,0.051039327,0.517495311,0.534587928,0.500712216,0.92033398,0.477906361,0.461326329,0.82785188,0.472478367,0.092958815,0.153548076,0.864613005,0.837149446,0.35303993,0.039564996,0.379855517,0.240996097,NA,0.431025885,0.695350522,0.420906373,0.393697863,0.899251681,0.586079547,0.330494206,0.196336355,0.268526654,0.827883707,0.017835597,0.619318067,0.00400483,0.015578975,0.657249756,0.331605795,0.354383483,0.335553084,0.057936514,0.414305345,0.220866612,0.555464508,0.295448415,0.574863397,0.808211234,0.957890719,0.040598324,0.447955039,0.462936376,0.929114514,0.493475704,0.097452167,0.243571161
0.003385945,0.907355401,0.130164037,0.02738896,0.565103371,0.842703382,0.026847125,0.349895575,0.136436276,0.273457596,0.386536945,0.953518451,0.587069015,0.217471655,0.88969886,0.132505331,0.651587745,0.698490524,0.086210675,0.885375909,0.833056883,0.802647934,0.887045213,0.701141104,0.99387703,0.745991092,0.366842931,0.329860729,0.272096139,0.098106697,0.046671382,0.323198417,0.318811089,0.017557855,0.157872477,NA,0.341558757,0.366050079,0.316860404,0.449091575,0.938076432,0.431025885,NA,0.081773514,0.435990434,0.628111217,0.845277735,0.61336001,0.382816715,0.154492488,0.148770645,0.534588255,0.625220742,0.628285942,0.420954132,0.992554839,0.679918959,0.953004449,0.210495619,0.653440807,0.869643294,0.1945403,0.22024603,0.215093045,0.932232106,0.034553047,0.365748015,0.226160922,0.054867506,0.345313228,0.53451888,0.558302139,0.298237584,0.645465201,0.337697074
0.135866369,0.174018914,0.568407616,NA,0.793517837,0.564670199,0.342572556,0.065739553,0.404227974,0.06173067,0.220765828,0.199817866,0.309368019,0.764635304,0.619101703,0.651523378,0.673760849,0.600215317,0.684138692,0.19919648,0.010436132,0.300380018,0.417303332,0.804655169,0.770395565,0.686485256,0.681631421,0.262805929,0.550980318,0.905123392,0.844643474,0.638424991,0.286335821,0.779590646,0.122965927,0.562325098,0.58352206,0.484251843,0.41345763,0.167388103,0.546022577,0.695350522,0.081773514,NA,0.321450591,0.520991079,0.428199847,0.959771237,0.584340062,0.015761662,0.535501254,0.065482364,0.773135334,0.492113813,0.161801427,0.843288332,0.544267298,0.225770074,0.205637488,0.386032174,0.974570954,0.634425342,0.870396984,0.728860063,0.427517816,0.177850762,0.33048575,0.454763712,0.099535812,0.628515912,0.243610936,0.874728584,0.080859392,0.459399169,0.878952905
0.890526618,0.958751275,0.533426641,0.72559836,0.377740386,0.840354773,0.846263363,0.447623825,0.91441539,0.286210077,0.877815913,0.558556184,0.500112723,0.266204827,0.761247264,0.854795512,0.171071864,0.407033562,0.846521847,0.294640082,0.460041836,0.557908106,0.058766509,0.961088565,0.722937324,0.411504721,0.882478909,0.658015654,0.918471226,0.311875118,0.794085213,0.711021022,0.60287858,0.574721536,0.249367207,0.955605986,0.86767352,0.640114186,0.128870553,0.431971685,0.292052088,0.420906373,0.435990434,0.321450591,NA,0.411829588,0.132023254,0.959111401,0.038562682,0.155494272,0.25832451,0.69116657,0.086652731,0.344811641,0.940145351,0.341781606,0.586218519,0.97228327,0.54999706,0.771219774,0.700131681,0.246590186,0.728892436,0.961771967,0.683042952,0.172429019,0.739754136,0.188562372,0.934174638,0.190611185,0.50653651,0.359759865,0.103741732,0.368154996,0.020755375
0.701455969,0.258557865,0.04221393,0.260841508,0.750405433,0.420319004,0.414408391,0.834935162,0.628167437,0.225855141,0.243282865,0.803570176,0.662185198,0.827917273,0.833750008,0.039511405,0.795891673,0.90066741,0.302274294,0.300480725,0.028673864,0.148411425,0.80890186,0.910137425,0.736515728,0.240125752,0.730953606,0.365169959,0.684428215,0.766839406,0.377133884,0.641344244,0.237721526,0.31344456,0.809136685,0.435790907,0.870998109,0.089836556,0.85564515,0.23823105,0.979616565,0.393697863,0.628111217,0.520991079,0.411829588,NA,0.415397814,0.437732414,0.552507946,0.153430876,0.67309509,0.956098697,0.16420289,0.086486533,0.33346494,0.643052185,0.323781367,0.890693083,0.306971925,0.469604352,0.02975418,0.833715465,0.313496312,0.505018553,0.877796512,0.95547645,0.10103004,0.289137472,0.031016157,0.790917835,0.859930607,0.028123065,0.179146895,0.633744799,0.360470831
0.961280583,0.410832824,0.327874448,0.27969753,0.519872119,0.622049371,0.069763869,0.332364374,0.202788507,0.369491635,0.425135423,0.454384904,0.492710003,0.708873552,0.559636512,0.191307317,0.961372105,0.703269279,0.143116103,0.286183404,0.480888098,0.644424674,0.689177536,0.909666147,0.818842324,0.918192671,0.759942936,0.351162099,0.566980322,0.431365536,0.105991207,0.349465669,0.001249539,0.010017472,0.660985489,0.420097851,0.631037032,0.914837608,0.359552763,0.659818274,0.46426713,0.899251681,0.845277735,0.428199847,0.132023254,0.415397814,NA,0.535377032,0.063634072,0.431240448,0.520441614,0.26446749,0.182934882,0.228485165,0.604165497,0.365046757,0.985962497,0.120675095,0.518783594,0.060952622,0.631378505,0.121499524,0.568382818,0.730616462,0.173096826,0.48882075,0.194946221,0.467638266,0.191953384,0.822845971,0.046549225,0.844172367,0.347845744,0.08965758,0.308445384
0.041415282,0.318137554,0.375974601,0.358059334,0.426989934,0.660213177,0.904227833,0.309685285,0.065131517,0.424250925,0.683354525,0.841630807,0.649756161,0.622155673,0.696336413,0.426626737,0.398371011,0.611515942,0.577290992,0.944683392,0.120999955,0.859460198,0.051525965,0.71745698,0.086402886,0.921001427,0.902058948,0.424784808,0.169423147,0.851061369,0.226382092,0.689004755,0.551918412,0.367369112,0.098387195,0.472078687,0.142130752,0.072371277,0.510611389,0.119687982,0.811382513,0.586079547,0.61336001,0.959771237,0.959111401,0.437732414,0.535377032,NA,0.167436443,0.523429948,0.296551276,0.060062377,0.494889591,0.145620171,0.667228108,0.18179335,0.034883004,0.149535254,0.548387244,0.599061972,0.593083015,0.921473414,0.049757312,0.184911285,0.756397486,0.62493832,0.344178438,0.894051386,0.040596309,0.065160601,0.676823714,0.37393868,0.47040743,0.407547744,0.635495516
0.633245944,0.996129081,0.4202397,0.650654934,0.279348934,0.502830857,0.074040963,0.38772011,0.202810344,0.448533409,0.042630828,0.472646244,0.805042854,0.623505903,0.134267368,0.200927658,0.613639364,0.73330452,0.211887394,0.938379703,0.173568495,0.101174062,0.011832865,0.920404286,0.961089647,0.355603304,0.612252627,0.525625636,0.155827229,0.443029346,0.115996443,0.195967396,0.697902244,0.948855734,0.404196881,0.448960683,0.208255825,0.436002754,0.276717553,0.193764511,0.275117072,0.330494206,0.382816715,0.584340062,0.038562682,0.552507946,0.063634072,0.167436443,NA,0.986600475,0.081996461,0.957721136,0.686511984,0.121173295,0.616338117,0.406276632,0.537345625,0.714605008,0.912714822,0.963185287,0.509839951,0.581406911,0.381547431,0.653048749,0.520349709,0.564316386,0.187814527,0.531434818,0.072393427,0.790388294,0.049451767,0.160297448,0.546798165,0.276569434,0.740828496
0.764783297,0.06620305,0.655675838,0.738604923,0.220688359,0.627506459,0.889728491,0.518104376,0.962045968,0.7125121,0.535919307,0.291448098,0.107635529,0.324707747,0.451627638,0.797725202,0.377295712,0.32907403,0.703392845,0.054289735,0.492551797,0.832660219,0.543024258,0.171383584,0.637794878,0.656990557,0.582894489,0.618384188,0.602220393,0.909594917,0.627077952,0.661329024,0.023297993,0.52292874,0.899370544,0.086483631,0.293888399,0.884251815,0.516722484,0.906369151,0.949551574,0.196336355,0.154492488,0.015761662,0.155494272,0.153430876,0.431240448,0.523429948,0.986600475,NA,0.082065173,0.603187803,0.186431439,0.773266256,0.892341944,0.765285945,0.29126567,0.492738701,0.439479173,0.349441586,0.720084307,0.080366301,0.993385394,0.504405085,0.6062669,0.020038771,0.071158572,0.983430572,0.129613175,0.03560392,0.719905959,0.548860393,0.748298899,0.565928444,0.822861321
0.597594649,0.675171527,0.357730561,0.631081587,0.678463824,0.893913078,0.071060629,0.009728435,0.324604669,0.82517124,0.875647527,0.065135455,0.850546445,0.496812436,0.367049042,0.191112772,0.337276547,0.126511977,0.142426047,0.798464541,0.243613108,0.28851924,0.203274977,0.345272264,0.37855802,0.105100938,0.334015205,0.904614357,0.975054607,0.054108933,0.060654511,0.196837787,0.197377008,0.429229074,0.457386597,0.866939585,0.74315814,0.686910853,0.818921886,0.17941335,0.606853127,0.268526654,0.148770645,0.535501254,0.25832451,0.67309509,0.520441614,0.296551276,0.081996461,0.082065173,NA,0.057208187,0.702327622,0.35002694,0.402833192,0.471977259,0.880659963,0.097250051,0.853991899,0.822512544,0.223893622,0.590679056,0.080224945,0.313388623,0.123934258,0.516141223,0.593794843,0.063558995,0.686972083,0.197092704,0.699701248,0.898491774,0.829677998,0.080488135,0.439353164
0.971350876,0.20828042,0.243705699,0.920839928,0.871566628,0.303129717,1,0.570749662,0.169718579,0.366921898,0.912425842,0.382135425,0.841867227,0.45903337,0.549183856,0.645483855,0.242614877,0.785605477,0.229055102,0.381864779,0.852537851,0.412082416,0.471510805,0.968659177,0.929941241,0.243158606,0.524627678,0.377896453,0.978656062,0.695990291,0.287727102,0.174488368,0.674585672,0.867192626,0.619735451,0.302516597,0.183663938,0.639665835,0.682099744,0.762713254,0.311058326,0.827883707,0.534588255,0.065482364,0.69116657,0.956098697,0.26446749,0.060062377,0.957721136,0.603187803,0.057208187,NA,0.809267504,0.131407446,0.761899475,0.985000424,0.867894364,0.635228924,0.305305231,0.922132265,0.920952424,0.101878154,0.550291204,0.373615545,0.50147324,0.434085327,0.727250421,0.352058354,0.424313997,0.508523596,0.004015905,0.82988583,0.732402847,0.530726993,0.795697356
0.655037824,0.69030418,0.818667569,0.23084206,0.261934858,0.771414573,0.203296528,0.291393823,0.335748128,0.028017469,0.419054134,0.707413806,0.43599502,0.665209538,0.735202879,0.024643909,0.133092385,0.634720455,0.38175554,0.992297734,0.752289946,0.299033292,0.356963245,0.240032658,0.252280678,0.925126792,0.627785585,0.674759383,0.771035899,0.269764438,0.111616295,0.940457361,0.977938355,0.138936979,0.643067209,0.573643183,0.963899846,0.635886535,0.486342063,0.030982222,0.804961945,0.017835597,0.625220742,0.773135334,0.086652731,0.16420289,0.182934882,0.494889591,0.686511984,0.186431439,0.702327622,0.809267504,NA,0.01265565,0.885876855,0.639233641,0.621353268,0.722870485,0.887310397,0.467881656,0.793588175,0.580960584,0.138294466,0.781889901,0.192155084,0.364182094,0.965089904,0.046418484,0.555606635,0.302037522,0.267564709,0.600438571,0.723218717,0.659281908,0.748440957
0.770565058,0.808675487,0.369258924,0.739137571,0.190947007,0.940860743,0.572369133,0.732223208,0.30016786,0.788956098,0.112849986,0.907483016,0.238857957,0.70333062,0.4405079,0.052764335,0.670924573,0.643985528,0.584149371,0.118995309,0.513571421,0.86174457,0.880734225,0.010721811,0.668574016,0.860888902,0.786321697,0.839009206,0.67246799,0.329424725,0.384603987,0.069214431,0.525633854,0.49164687,0.948262517,0.055166305,0.142518286,0.203249838,0.522299648,0.493296832,0.369131988,0.619318067,0.628285942,0.492113813,0.344811641,0.086486533,0.228485165,0.145620171,0.121173295,0.773266256,0.35002694,0.131407446,0.01265565,NA,0.407369343,0.453384286,0.346731192,0.827536141,0.034523614,0.548263327,0.458375582,0.481691208,0.400360372,0.739207523,0.823026905,0.393788446,0.100726499,0.262193861,0.750852269,0.151527577,0.470215129,0.491601767,0.464567593,0.481606175,0.876070347
0.484664386,0.320377597,0.604390422,0.81387904,0.623064831,0.342764576,0.733393075,0.139525871,0.420474294,0.781948082,0.253679073,0.924552577,0.142279023,0.190321342,0.065629297,0.237344636,0.134614715,0.464765431,0.752134157,0.684916211,0.963245075,0.934412394,0.401763017,0.7367181,0.895218676,0.032796861,0.842684453,0.151224659,0.515640842,0.346195756,0.980595935,0.514036835,0.076500523,0.389775332,0.148876297,0.537652105,0.559042095,0.711859571,0.880527183,0.491139247,0.620762389,0.00400483,0.420954132,0.161801427,0.940145351,0.33346494,0.604165497,0.667228108,0.616338117,0.892341944,0.402833192,0.761899475,0.885876855,0.407369343,NA,0.754654377,0.645604422,0.294589021,0.342182614,0.114417081,0.694811464,0.389926854,0.182875137,0.236475392,0.968468342,0.136088406,0.656344948,0.462177376,0.702955777,0.420850463,0.610244323,0.490317258,0.559456587,0.713779364,0.796944512
0.508497995,0.110050192,0.149213541,0.218910978,0.899042614,0.139452526,0.670253994,0.58380604,0.387275133,0.140096163,0.556547109,0.476729441,0.008764363,0.857681961,0.04598513,0.962463396,0.057665519,0.386643242,0.426832919,0.579247967,0.248190565,0.197869239,0.605628209,0.321938562,0.518999563,0.921364995,0.915263294,0.744170785,0.692652595,0.893407956,0.902630646,0.645479743,0.406715803,0.397212024,0.809309799,0.799808276,0.429772907,0.974212665,0.539815943,0.439851829,0.215099147,0.015578975,0.992554839,0.843288332,0.341781606,0.643052185,0.365046757,0.18179335,0.406276632,0.765285945,0.471977259,0.985000424,0.639233641,0.453384286,0.754654377,NA,0.887044936,0.513855942,0.819840344,0.870636698,0.35866211,0.258894696,0.551490134,0.334230208,0.969711844,0.768121785,0.455392235,0.929096537,0.929161826,0.045057045,0.705807266,0.057583806,0.929070525,0.931422993,0.649800777
0.742556305,0.724034295,0.410148449,0.640520741,0.088028222,0.621039263,0.076679037,0.080486213,0.345959382,0.785807952,0.17174186,0.847387844,0.470550257,0.031420977,0.472660918,0.027650395,0.933279855,0.913247725,0.311572034,0.633900208,0.224994778,0.002901092,0.027756128,0.409867837,0.196624652,0.045586016,0.890286293,0.225271714,0.709153045,0.826793224,0.597041237,0.508995264,0.770161385,0.51608366,0.96228539,0.819243776,0.374110184,0.967035307,0.352874416,0.534595382,0.09771526,0.657249756,0.679918959,0.544267298,0.586218519,0.323781367,0.985962497,0.034883004,0.537345625,0.29126567,0.880659963,0.867894364,0.621353268,0.346731192,0.645604422,0.887044936,NA,0.335683287,0.748251819,0.304572833,0.106104591,0.175283553,0.808099216,0.806165592,0.969851717,0.179231728,0.528985808,0.156161733,0.9926663,0.13514839,0.399556104,0.576695075,0.607336877,0.444118926,0.200491159
0.534676183,0.319587653,0.021278745,0.806068615,0.441906962,0.671746475,0.797967264,0.871718095,0.047402272,0.230391735,0.094156896,0.727929754,0.891523887,0.448798281,0.090378273,0.451156792,0.113915568,0.316633973,0.393119861,0.485743614,0.959689334,0.75160885,0.673441618,0.636161946,0.417890075,0.774501383,0.231904485,0.388616126,0.147176641,0.274037451,0.771304791,0.394589379,0.340828088,0.828848735,0.028601786,0.461858767,0.483860766,0.343224088,0.841897324,0.483510544,0.083349406,0.331605795,0.953004449,0.225770074,0.97228327,0.890693083,0.120675095,0.149535254,0.714605008,0.492738701,0.097250051,0.635228924,0.722870485,0.827536141,0.294589021,0.513855942,0.335683287,NA,0.277059413,0.508924941,0.934953241,0.983519517,0.711326269,0.176991339,0.988000355,1,0.416961928,0.579648137,0.423560869,0.357170048,0.219523634,0.558631728,0.578578179,0.052545777,0.370360279
0.83910713,0.360667404,0.960040467,0.153512928,0.599941561,0.043845755,0.692630352,0.552634534,0.997919519,0.269403655,0.439179777,0.948644445,0.492025002,0.163211547,0.641327406,0.716289653,0.420617739,0.800459737,0.052494882,0.140890008,0.838540477,0.97063097,0.433126568,0.389281339,0.913532631,0.179049028,0.029644404,0.4284947,0.188406142,0.743026165,0.035425028,0.668135755,0.983423662,0.010418222,0.672415541,0.67833396,0.987811592,0.489422169,0.206351901,0.196779071,0.506499943,0.354383483,0.210495619,0.205637488,0.54999706,0.306971925,0.518783594,0.548387244,0.912714822,0.439479173,0.853991899,0.305305231,0.887310397,0.034523614,0.342182614,0.819840344,0.748251819,0.277059413,NA,0.091230555,0.21009843,0.37758501,0.722292974,0.992690759,0.858942264,0.666518841,0.323441583,0.048362233,0.038927463,0.445627278,0.166065567,0.76433413,0.555913618,0.823738312,0.243621992
0.70357786,0.342328877,0.48651122,0.351229774,0.075760382,0.522841265,0.097107968,0.98451458,0.759481327,0.633115027,0.429205558,0.7081686,0.711279552,0.28293315,0.828195083,0.848565763,0.862287225,0.290068888,0.136530949,0.309003115,0.503803011,0.545140704,0.954300284,0.400785195,0.363110843,0.028944565,0.126744232,0.713821864,0.211609575,0.440402237,0.529629256,0.860231809,0.165957774,0.400291605,0.295156033,0.539851297,0.249889108,0.831990475,0.853970489,0.782073601,0.429893125,0.335553084,0.653440807,0.386032174,0.771219774,0.469604352,0.060952622,0.599061972,0.963185287,0.349441586,0.822512544,0.922132265,0.467881656,0.548263327,0.114417081,0.870636698,0.304572833,0.508924941,0.091230555,NA,0.668944886,0.183216253,0.443602549,0.982236578,0.505732896,0.07186946,0.980775339,0.142905471,0.527555546,0.514388851,0.975171558,0.036927568,0.892365034,0.845872439,0.069908591
0.80684607,0.378051099,0.855574958,0.027538341,0.236727114,0.843590972,0.038323237,0.809396346,0.237179735,0.688172281,0.043365005,0.798228134,0.495451266,0.710205855,0.352729887,0.676537339,0.019376168,0.348197999,0.982292261,0.024234736,0.563334204,0.651864407,0.186070949,0.867996081,0.630044512,0.187459884,0.114177825,0.074541841,0.070861289,0.703517359,0.575255464,0.50040805,0.324020692,0.360250628,0.978555193,0.774905706,0.489402584,0.660575089,0.936475597,0.992073102,0.584988954,0.057936514,0.869643294,0.974570954,0.700131681,0.02975418,0.631378505,0.593083015,0.509839951,0.720084307,0.223893622,0.920952424,0.793588175,0.458375582,0.694811464,0.35866211,0.106104591,0.934953241,0.21009843,0.668944886,NA,0.886399123,0.33265063,0.371601269,0.598031894,0.026138316,0.843085574,0.597683393,0.330817969,0.236817682,0.147609269,0.006888441,0.197658101,0.482378896,0.013527091
0.764537321,0.721768993,0.373050607,0.748247778,0.404636606,0.006870212,0.481666064,0.195399885,0.634453872,0.939266123,0.283646091,0.559964026,0.152893011,0.889488492,0.93085699,0.116098951,0.236061023,0.581763987,0.68231481,0.834001626,0.736926386,0.504473738,0.52908893,0.145145764,0.116734794,0.392731843,0.843891484,0.699008985,0.045401784,0.06639481,0.058370493,0.295311482,0.157682613,0.185446576,0.714084904,0.561958618,0.236528915,0.610349454,0.782465092,0.018989731,0.107336226,0.414305345,0.1945403,0.634425342,0.246590186,0.833715465,0.121499524,0.921473414,0.581406911,0.080366301,0.590679056,0.101878154,0.580960584,0.481691208,0.389926854,0.258894696,0.175283553,0.983519517,0.37758501,0.183216253,0.886399123,NA,0.169075862,0.148976383,0.791857557,0.598776112,0.603318076,0.937059831,0.821457463,0.095114912,0.76248284,0.086525536,0.58301217,0.873269323,0.680956138
0.325384289,0.133412111,0.147099905,0.958648215,0.744419503,0.880361244,0.876148259,0.566302697,0.436801974,0.650053181,0.583449899,0.410614698,0.58517052,0.124189019,0.062141916,0.719268855,0.993081456,0.698630325,0.177369902,0.697929417,0.085773019,0.12839643,0.952235879,0.10037577,0.045906148,0.167964376,0.870291012,0.643857747,0.809326431,0.280408925,0.795768116,0.182208273,0.801169654,0.700177594,0.862929134,0.034086213,0.671515835,0.409893479,0.441708084,0.637735407,0.532232544,0.220866612,0.22024603,0.870396984,0.728892436,0.313496312,0.568382818,0.049757312,0.381547431,0.993385394,0.080224945,0.550291204,0.138294466,0.400360372,0.182875137,0.551490134,0.808099216,0.711326269,0.722292974,0.443602549,0.33265063,0.169075862,NA,0.566627113,0.068200663,0.104604708,0.660183242,0.749683233,0.883799311,0.47834342,0.697934442,0.258707561,0.683023095,0.08671596,0.355612473
0.024730302,0.809111853,0.532710557,0.180698081,0.956796971,0.407180363,0.61039506,0.137427801,0.858182444,0.64440264,0.102631074,0.269197574,0.728514191,0.474099142,0.483202057,0.620890848,0.253677907,0.288956081,0.611150797,0.012914052,0.648906924,0.596646083,0.891061423,0.457026327,0.069804942,0.278718749,0.668414986,0.556237579,0.818384648,0.81377476,0.571544637,0.214972483,0.322359921,0.450502169,0.307342398,0.953024185,0.157318969,0.283295153,0.905161945,0.607038342,0.064691004,0.555464508,0.215093045,0.728860063,0.961771967,0.505018553,0.730616462,0.184911285,0.653048749,0.504405085,0.313388623,0.373615545,0.781889901,0.739207523,0.236475392,0.334230208,0.806165592,0.176991339,0.992690759,0.982236578,0.371601269,0.148976383,0.566627113,NA,0.269939917,0.285132318,0.813963239,0.4971034,0.491152703,0.389378185,0.090843693,0.143112069,0.422116528,0.871548069,0.58900818
0.513397651,0.093924228,0.382309816,0.123382003,0.41257105,0.154836306,0.238829191,0.122971,0.515254509,0.552050559,0.32427816,0.102246177,0.570338206,0.93972842,0.049312928,0.452072234,0.744120727,0.910157891,0.199958866,0.117213024,0.930311339,0.999089441,0.983548363,0.952424576,0.848156461,0.239276342,0.879847077,0.912054959,0.532596829,0.462474732,0.154215455,0.474193397,0.09065445,0.551289807,0.159450348,0.165307528,0.124155667,0.601139817,0.422073046,NA,0.649312866,0.295448415,0.932232106,0.427517816,0.683042952,0.877796512,0.173096826,0.756397486,0.520349709,0.6062669,0.123934258,0.50147324,0.192155084,0.823026905,0.968468342,0.969711844,0.969851717,0.988000355,0.858942264,0.505732896,0.598031894,0.791857557,0.068200663,0.269939917,NA,0.750682371,0.534725846,0.537382341,0.197689973,0.863559663,0.232256332,0.250763852,0.495621203,0.772967663,0.339842848
0.586096239,0.148532499,0.555022508,0.174054633,0.232494938,0.166303513,0.647825425,0.185495413,0.432573219,0.845581586,0.053832354,0.193867736,0.337515921,0.594686194,0.106826379,0.265924415,0.082503842,0.586820772,0.252030004,0.06414302,0.124914115,0.939865863,0.905059088,0.929762914,0.36593696,0.886011865,0.291917755,0.44744668,0.805426721,0.564450407,0.065867659,0.276417311,0.781765834,0.175632062,0.002349566,0.045655342,0.136372793,0.996899759,0.687471416,0.568712222,0.187925802,0.574863397,0.034553047,0.177850762,0.172429019,0.95547645,0.48882075,0.62493832,0.564316386,0.020038771,0.516141223,0.434085327,0.364182094,0.393788446,0.136088406,0.768121785,0.179231728,1,0.666518841,0.07186946,0.026138316,0.598776112,0.104604708,0.285132318,0.750682371,NA,0.882201716,0.186333951,0.123520408,0.963197193,0.300045619,0.175294849,0.571066692,0.028029775,0.178047548
0.155868466,0.549442615,0.277627405,0.204362774,0.525172154,0.641672007,0.646489628,0.654689696,0.459345425,0.344296939,0.690183641,0.426805862,0.036970022,0.430017109,0.913830025,0.73048014,0.00529257,0.826117276,0.593928099,0.955937441,0.887986485,0.3405675,0.465755048,0.449895078,0.426405628,0.786851484,0.842710669,0.954106115,0.760308571,0.266298318,0.962772395,0.955094452,0.142112232,0.990115966,0.306289698,0.340665304,0.141705255,0.18871324,0.693124115,0.502314995,0.21280734,0.808211234,0.365748015,0.33048575,0.739754136,0.10103004,0.194946221,0.344178438,0.187814527,0.071158572,0.593794843,0.727250421,0.965089904,0.100726499,0.656344948,0.455392235,0.528985808,0.416961928,0.323441583,0.980775339,0.843085574,0.603318076,0.660183242,0.813963239,0.534725846,0.882201716,NA,0.891481487,0.157570784,0.82440635,0.086448437,0.93260646,0.21006534,0.71016748,0.559991128
0.461370922,0.929326285,0.67623291,0.855801713,0.96344934,0.380122669,0.218263916,0.44185065,0.716431418,0.805872395,0.899997768,0.093631741,0.324943942,0.720094971,0.325046982,0.444547648,0.597922071,0.131350249,0.334163026,0.863416095,0.004176877,0.437805074,0.406321476,0.629224389,0.442279619,0.887863135,0.553679048,0.700905306,0.60490408,0.163213593,0.769072873,0.380348622,0.688770632,0.098813061,0.644899744,0.104161112,0.806986041,0.906656198,0.116276987,0.230990595,0.037213503,0.957890719,0.226160922,0.454763712,0.188562372,0.289137472,0.467638266,0.894051386,0.531434818,0.983430572,0.063558995,0.352058354,0.046418484,0.262193861,0.462177376,0.929096537,0.156161733,0.579648137,0.048362233,0.142905471,0.597683393,0.937059831,0.749683233,0.4971034,0.537382341,0.186333951,0.891481487,NA,0.665534981,0.28426818,0.693343293,0.498745521,0.617332004,0.828051765,0.86798734
0.041084564,0.300804319,0.886942695,0.1395894,0.460634188,0.139873817,0.178681992,0.425897737,0.69399521,0.40720856,0.333770543,0.53689793,0.9991851,0.885866545,0.036184808,0.037430884,0.424383739,0.092208996,0.155232342,0.741101275,0.576700828,0.811110102,0.935931014,0.140951495,0.541996126,0.072036039,0.553127447,0.09172769,0.80600747,0.72434133,0.521901857,0.31945959,0.22496763,0.976791358,0.409155871,0.247265362,0.174958577,0.079174616,0.522369679,0.737184335,0.315741084,0.040598324,0.054867506,0.099535812,0.934174638,0.031016157,0.191953384,0.040596309,0.072393427,0.129613175,0.686972083,0.424313997,0.555606635,0.750852269,0.702955777,0.929161826,0.9926663,0.423560869,0.038927463,0.527555546,0.330817969,0.821457463,0.883799311,0.491152703,0.197689973,0.123520408,0.157570784,0.665534981,NA,0.219966377,0.893828783,0.070183518,0.915660428,0.572886883,0.585876356
0.10782703,0.298707374,0.763189497,0.153595434,0.40149375,0.617931051,0.669752683,0.661801877,0.408435545,0.68206925,0.48000034,0.862387426,0.829511261,0.29304804,0.247587056,0.815398467,0.30338386,0.784532238,0.507138676,0.699974844,0.42215246,0.315775891,0.658704483,0.668856085,0.608286466,0.691109249,0.598465218,0.956738803,0.925776276,0.523787881,0.05960869,0.99691609,0.213252499,0.7918608,0.895890203,0.362880011,0.909662558,0.206896107,0.725371863,0.544352347,0.780137279,0.447955039,0.345313228,0.628515912,0.190611185,0.790917835,0.822845971,0.065160601,0.790388294,0.03560392,0.197092704,0.508523596,0.302037522,0.151527577,0.420850463,0.045057045,0.13514839,0.357170048,0.445627278,0.514388851,0.236817682,0.095114912,0.47834342,0.389378185,0.863559663,0.963197193,0.82440635,0.28426818,0.219966377,NA,0.898962561,0.029888454,0.56088104,0.974804093,0.274993909
0.540299876,0.948719084,0.778749225,0.080374858,0.062930091,0.97290403,0.342157351,0.711281048,0.12748187,0.703249653,0.036243866,0.329934284,0.352357814,0.078206961,0.870731455,0.444234555,0.047761669,0.078530239,0.373860695,0.673748584,0.533683794,0.78812743,0.937123762,0.936608941,0.071132836,0.585617073,0.190795955,0.529405458,0.625851888,0.46703174,0.972216544,0.345377162,0.785065348,0.34686449,0.353910819,0.157893036,0.120787607,0.6406359,0.767982911,0.908884006,0.840217504,0.462936376,0.53451888,0.243610936,0.50653651,0.859930607,0.046549225,0.676823714,0.049451767,0.719905959,0.699701248,0.004015905,0.267564709,0.470215129,0.610244323,0.705807266,0.399556104,0.219523634,0.166065567,0.975171558,0.147609269,0.76248284,0.697934442,0.090843693,0.232256332,0.300045619,0.086448437,0.693343293,0.893828783,0.898962561,NA,0.802934211,0.078641544,0.642170295,0.00179729
0.370942664,0.983115153,0.617328065,0.49290263,0.514176921,0.337615127,0.458450079,0.596686993,0.310323876,0.679469749,0.209817512,0.063894683,0.64409589,0.181847463,0.255427359,0.975874095,0.173276413,0.953866448,0.885882696,0.117926184,0.333547128,0.858432474,0.274658284,0.488453029,0.967491945,0.577568081,0.018743624,0.063655828,0.152783067,0.33546183,0.413180652,0.55885462,0.542687715,0.449936981,0.444736046,0.69705364,0.692715802,0.557192754,0.979069917,0.520852479,0.855791588,0.929114514,0.558302139,0.874728584,0.359759865,0.028123065,0.844172367,0.37393868,0.160297448,0.548860393,0.898491774,0.82988583,0.600438571,0.491601767,0.490317258,0.057583806,0.576695075,0.558631728,0.76433413,0.036927568,0.006888441,0.086525536,0.258707561,0.143112069,0.250763852,0.175294849,0.93260646,0.498745521,0.070183518,0.029888454,0.802934211,NA,0.775132358,0.736894765,0.143073249
0.599364075,0.076212489,0.132971501,0.170768927,0.766557788,0.471876697,0.157896148,0.626573745,0.300024514,0.314637337,0.23561225,0.136430434,0.560746753,0.907565038,0.054781789,0.781515282,0.377975007,0.247231197,0.159162005,0.596478838,0.675669612,0.450172158,0.671190051,0.911869552,0.383355985,0.655067693,0.726373864,0.268546994,0.638373219,0.58050935,0.623257923,0.903923439,0.892893731,0.194917005,0.816910121,0.15083389,0.236534095,0.375202848,0.310124528,0.546568475,0.726127075,0.493475704,0.298237584,0.080859392,0.103741732,0.179146895,0.347845744,0.47040743,0.546798165,0.748298899,0.829677998,0.732402847,0.723218717,0.464567593,0.559456587,0.929070525,0.607336877,0.578578179,0.555913618,0.892365034,0.197658101,0.58301217,0.683023095,0.422116528,0.495621203,0.571066692,0.21006534,0.617332004,0.915660428,0.56088104,0.078641544,0.775132358,NA,0.66003365,0.174599002
0.541825966,0.736985879,0.463812246,0.955892536,0.456294941,0.689336001,0.156424184,0.250556317,0.315121614,0.373995225,0.729581816,0.913651251,0.854814698,0.467263655,0.265134506,0.08678606,0.222937623,0.481905974,0.937466022,0.280929093,0.857657602,0.094377827,0.281434648,0.511505714,0.909119069,0.315978422,0.045830076,0.603570651,0.619186076,0.558741541,0.95800471,0.838970402,0.074397985,0.00236388,0.296347224,0.896095643,0.671738398,0.873050749,0.195159948,0.985486479,0.126219595,0.097452167,0.645465201,0.459399169,0.368154996,0.633744799,0.08965758,0.407547744,0.276569434,0.565928444,0.080488135,0.530726993,0.659281908,0.481606175,0.713779364,0.931422993,0.444118926,0.052545777,0.823738312,0.845872439,0.482378896,0.873269323,0.08671596,0.871548069,0.772967663,0.028029775,0.71016748,0.828051765,0.572886883,0.974804093,0.642170295,0.736894765,0.66003365,NA,0.479165949
0.1856053,0.395907797,0.286958588,0.611229353,0.783388435,0.042989519,0.841946304,0.01874396,0.294615494,0.960902783,0.540127656,0.821352373,0.92051938,0.213930225,0.838028557,0.296155502,0.650091414,0.574838724,0.858593886,0.682114375,0.702264377,0.88721329,0.96267993,0.06728665,0.464022827,0.595852011,0.807767848,0.4192677,0.479884426,0.791975858,0.365183881,0.722692841,0.115813442,0.575570806,0.546138971,0.156728627,0.236869179,0.482192443,0.225394038,0.850774832,0.281187107,0.243571161,0.337697074,0.878952905,0.020755375,0.360470831,0.308445384,0.635495516,0.740828496,0.822861321,0.439353164,0.795697356,0.748440957,0.876070347,0.796944512,0.649800777,0.200491159,0.370360279,0.243621992,0.069908591,0.013527091,0.680956138,0.355612473,0.58900818,0.339842848,0.178047548,0.559991128,0.86798734,0.585876356,0.274993909,0.00179729,0.143073249,0.174599002,0.479165949,NA