NA,0.126456266,0.115906875,0.451524803,-0.352774175,-0.042942012,-0.223321622,0.106541672,0.043300207,0.406246156,0.366114572,0.160239482,0.066811988,0.198038958,0.235695353,0.338701714,-0.134277715,-0.268927913,-0.189609819,0.020959804,0.038908695,0.374091659,-0.096252142,-0.31544025,-0.460371521,-0.139328278,0.383016256,0.002166982,-0.098090845,-0.258388104,0.427907634,-0.112674206,-0.049503346,-0.165346988,0.330620365,-0.556195362,-0.188444416,-0.118788594,0.038885046,0.270285314,-0.281791293,0.488293219,0.63653962,0.376921249,-0.036122906,-0.100388555,-0.01128445,-0.531576503,0.129274568,-0.081270074,-0.125654948,-0.010153723,0.125811089,-0.07168652,-0.176059256,-0.193030456,-0.083264186,-0.18147017,0.048496244,-0.099643222,0.06904355,0.088111428,-0.272729518,-0.447952628,-0.164818191,0.137605985,-0.372068228,-0.214555563,-0.515271889,-0.417267366,-0.171834689,0.224281616,0.142192629,-0.14930402,-0.348707029
0.126456266,NA,-0.25582768,0.109354767,0.146323382,-0.23770152,0.02528999,-0.169735779,-0.211173527,0.33119434,-0.205304911,-0.328643757,-0.365926285,-0.107142413,-0.366885024,-0.069150054,-0.07488709,-0.016170226,0.052002056,0.088795764,0.151700764,0.018042861,-0.288698527,0.074216298,-0.417457412,-0.280632622,0.108092232,-0.094166815,0.100986885,0.22478244,-0.292036951,0.132589004,-0.148347353,0.153122527,-0.212917487,0.11542464,-0.199816242,-0.293385591,-0.133887984,0.245194359,-0.07467287,-0.08478041,0.030545329,-0.357490778,-0.01407107,-0.290172783,0.172062703,0.266645764,0.001273687,-0.408203022,0.109684238,-0.321491121,0.104317938,-0.068378203,-0.265459174,0.429558779,0.099574319,-0.234534091,-0.229011978,0.224040917,-0.236401992,0.096655527,-0.391786341,-0.065653741,0.357555858,-0.378284073,-0.151125542,0.02507207,0.275997245,-0.277149875,0.019835014,0.005208889,0.471228135,-0.09473913,-0.236586447
0.115906875,-0.25582768,NA,-0.15046844,-0.076439224,-0.159446333,0.131807132,0.119953019,-0.274904259,-0.272349413,0.070542039,-0.414776576,-0.18474709,0.295671703,0.272620423,-0.038354097,-0.21925856,-0.349894094,-0.000812578,-0.035134928,-0.189802359,0.284249558,0.138911239,-0.356598605,-0.219877288,-0.301361314,0.269926407,-0.332086614,-0.184346421,-0.081322937,0.275486583,-0.123475707,-0.12191136,-0.059466721,-0.674125432,0.100847207,-0.335153458,0.055184636,0.077625965,0.283713755,-0.278403991,0.598372787,0.408926375,0.154254326,-0.148019028,-0.548591446,-0.224510595,0.229310641,0.209244772,0.125564316,0.246335422,0.309317425,-0.064749951,-0.249791541,-0.135388421,-0.406491672,-0.213715275,0.587508606,0.014766751,0.194842031,0.046193763,0.247881933,-0.355976043,0.157428886,-0.226362923,-0.165718904,-0.311920325,0.09684519,0.041886539,-0.081835749,-0.071251532,0.140557018,-0.367993637,-0.213415545,0.294319122
0.451524803,0.109354767,-0.15046844,NA,-0.319526173,-0.088700144,-0.272888631,0.368989751,-0.0131088,-0.417779259,-0.443620063,0.587329131,0.304388101,-0.218353425,-0.475861315,0.161400819,0.129621049,-0.063872411,-0.16997032,-0.314588213,0.252523038,-0.026581737,0.245310095,-0.070482835,-0.131109601,-0.372476348,-0.258567481,0.039838333,0.208227653,-0.298159284,0.107959735,0.131354254,-0.022919116,-0.287194099,0.220744132,-0.021006026,-0.08023273,-0.048016882,0.145365203,0.335510362,-0.257816494,-0.275739987,0.549719091,NA,-0.088949918,-0.298858635,-0.21578588,0.246172249,-0.127508643,-0.087439508,-0.130091657,-0.028090932,-0.306902407,-0.093938254,-0.066487519,-0.337293051,-0.122134387,0.069326408,0.374042151,0.269622956,-0.566926521,-0.081364527,-0.013611808,0.340798357,-0.401333351,-0.335089688,-0.36129675,0.049410897,0.400005297,0.419494523,0.482764775,-0.178563296,0.337512284,0.014044081,-0.117747251
-0.352774175,0.146323382,-0.076439224,-0.319526173,NA,0.026986727,0.043312686,-0.377479105,-0.20388719,-0.029999269,0.42757231,-0.038215632,0.09348493,-0.343842388,0.024294402,-0.171300848,-0.229306901,-0.116836685,0.150708299,-0.223839542,0.293834732,0.07521874,-0.439407422,0.045742418,-0.100630336,0.086880487,0.215222741,0.23294099,-0.087217761,-0.055552944,0.040639802,-0.095411992,-0.213897399,-0.262980537,0.101556769,0.013871066,-0.008895778,0.149184528,-0.172283936,0.15821042,-0.032306719,0.164141605,-0.145302803,0.068635799,-0.236551635,0.08638477,0.148756613,0.199668297,-0.324515549,0.336072406,-0.116804603,-0.042424523,-0.263345329,0.344778679,0.138292426,0.035858591,0.440087434,0.22375217,0.132593086,-0.47186696,0.293767885,0.223836445,0.082641839,0.015966342,-0.228569106,0.316409993,-0.185637318,0.01246737,0.185712805,0.204297116,0.491263252,-0.182870658,-0.070863916,0.208293549,-0.077606181
-0.042942012,-0.23770152,-0.159446333,-0.088700144,0.026986727,NA,0.601254348,-0.014077687,0.154582192,-0.107820917,0.030556617,-0.509290986,-0.102092223,0.14207383,-0.153129296,-0.032591167,-0.110109766,0.452771601,-0.144349472,0.368894848,0.198179596,0.175711983,-0.107304909,-0.197089765,-0.161696141,-0.110868763,-0.170726732,0.140818298,-0.362980442,0.139869081,-0.188636896,0.341322175,-0.572826529,-0.228981933,0.007899282,0.033100639,-0.008198683,0.134997787,-0.053045962,0.002767095,0.234499023,0.159012748,0.050357762,-0.161749112,0.059320729,-0.234191412,0.111264243,-0.123811802,0.195568135,0.136544543,0.030186968,-0.274724583,-0.073673493,-0.020182466,0.245236908,-0.386272993,-0.139091105,0.114906964,-0.565817343,-0.16118917,-0.053641652,0.628661357,-0.04093272,0.24067873,-0.386398225,-0.330987327,-0.11775794,0.254391325,0.415186755,-0.140318611,0.01001115,0.226181343,0.201304771,0.117415586,-0.495764892
-0.223321622,0.02528999,0.131807132,-0.272888631,0.043312686,0.601254348,NA,-0.1296514,-0.287389257,0.308778744,0.270990196,-0.140421592,0.264055392,0.071595512,0.159286201,-0.177057954,0.038103987,0.195575729,-0.082057586,-0.672344547,-0.421731227,0.315384292,-0.257245411,-0.121379379,-0.606370337,-0.190111993,-0.298175672,-0.295344496,-0.45055374,-0.227699612,0.313595276,-0.22872791,-0.310166924,-0.314991037,0.313407703,0.02558947,-0.0292344,-0.005867289,0.096795098,0.217594501,-0.170228507,-0.334777863,0.520335877,0.25395206,0.046313742,-0.219329224,-0.368665251,0.034008826,-0.491839745,-0.036387776,-0.462785908,0,-0.324850021,0.142625279,-0.092472282,-0.119948558,-0.41574023,-0.075340493,-0.107234874,-0.415589874,-0.505791841,-0.183152786,-0.04404303,0.133164614,-0.351557708,0.123797454,-0.109284634,0.314916275,0.366803463,0.111615896,0.2377305,-0.207320018,-0.370385073,0.385033611,0.056332591
0.106541672,-0.169735779,0.119953019,0.368989751,-0.377479105,-0.014077687,-0.1296514,NA,-0.34814671,-0.021966171,0.025802565,0.128593199,0.208734109,-0.432878384,0.274746595,0.127597982,-0.134016189,-0.346974784,0.037018112,0.028702459,-0.258007114,0.010717258,0.327246911,-0.285140097,0.334067165,0.273961168,-0.085949547,0.05364029,-0.046949883,-0.152047385,0.106006396,-0.117484691,-0.287859977,-0.159028046,-0.473450736,0.083091431,0.070674954,-0.202262375,0.095042021,0.069939298,-0.200230482,-0.357643296,0.241746065,-0.486787281,-0.204408607,-0.054664941,0.216853596,0.292793659,-0.210202801,0.174473859,-0.576787714,-0.159262314,-0.291743996,-0.092892391,-0.432898695,-0.138439911,0.44974775,-0.040987116,-0.149932898,0.005280704,0.063260934,-0.354068179,0.175502428,-0.417527562,0.40173582,-0.361523518,0.117014695,0.206960132,-0.214100557,0.118589064,-0.096943459,-0.133767119,-0.136911198,0.294882015,-0.547254852
0.043300207,-0.211173527,-0.274904259,-0.0131088,-0.20388719,0.154582192,-0.287389257,-0.34814671,NA,0.056796099,0.125407005,-0.080076673,0.310335057,-0.324560384,-0.081111693,-0.378278199,0.125358563,-0.396270641,0.145632,0.280912432,-0.049469044,-0.369536424,0.389727664,-0.576066419,-0.058122683,-0.522321319,0.093777071,-0.086808256,-0.238496341,0.063377962,0.158528119,-0.176860566,-0.113226853,-0.055733502,0.167336513,-0.120253004,0.362149775,0.484736504,0.534243478,0.289843725,-0.559868359,0.154410969,0.389005156,-0.197372736,0.028209237,0.136284834,0.275766735,-0.48774407,-0.297435942,0.012946373,0.296888812,-0.296359268,0.278067958,-0.311512194,-0.216559412,0.24081027,0.261770245,-0.519050222,0.000662134,-0.090055065,-0.313420601,0.116623653,0.20202802,-0.048587292,-0.190021729,0.238527303,-0.192427804,0.092040261,-0.106736185,0.230542751,-0.372903397,-0.270823357,-0.28679846,0.289665651,-0.301633474
0.406246156,0.33119434,-0.272349413,-0.417779259,-0.029999269,-0.107820917,0.308778744,-0.021966171,0.056796099,NA,-0.033371689,-0.218435638,0.291043211,-0.220840107,-0.023368325,-0.315971253,-0.234943211,0.303139513,0.043945635,-0.056389122,-0.092165358,-0.385316468,-0.129682248,-0.606783822,0.232622274,0.183344384,0.088199821,-0.107539845,-0.095541715,-0.259910735,-0.360004684,-0.326847556,-0.13433486,-0.021222597,-0.201207346,-0.162779896,-0.105566223,0.138796252,-0.199088327,-0.019928648,0.155364215,0.208690432,-0.291425772,-0.493218355,0.320170206,0.310045451,-0.169869545,-0.223049808,0.211818648,0.096512872,0.065039428,-0.241804707,-0.565503574,0.072727639,0.081443432,-0.385695219,-0.073836382,-0.32951508,-0.330925942,0.134344094,0.098537952,-0.021539332,0.114823798,0.129937391,0.160739306,-0.052951183,0.223152359,0.06445166,-0.222644606,0.097667769,0.103363213,0.116420275,0.236876592,-0.247407842,-0.01244756
0.366114572,-0.205304911,0.070542039,-0.443620063,0.42757231,0.030556617,0.270990196,0.025802565,0.125407005,-0.033371689,NA,0.174476358,0.195760804,-0.334487208,-0.351545306,-0.465953702,-0.025839019,-0.173727866,-0.786061153,0.014045925,0.282787486,0.216661575,-0.199898202,0.065432473,0.148791056,0.203333033,-0.233451355,0.161785858,0.301902889,0.381903567,-0.008025539,-0.087520565,-0.457499623,0.374579704,-0.104636925,0.173724603,-0.421294068,0.385021255,-0.262733164,-0.125958526,-0.111915808,-0.307644684,0.241173778,0.324065116,0.039024542,0.289877532,-0.214445185,-0.110632738,-0.496505547,0.167217365,0.042556972,-0.029915591,0.20304271,0.411955975,-0.283842042,-0.13253875,0.372318676,-0.447801578,0.216107569,-0.220732184,0.510419249,-0.296257815,0.15410268,-0.409479903,-0.273329702,-0.461569246,-0.112338606,0.037026123,0.227940119,0.190394282,-0.543531006,0.357275097,0.32605847,0.093841667,-0.171906657
0.160239482,-0.328643757,-0.414776576,0.587329131,-0.038215632,-0.509290986,-0.140421592,0.128593199,-0.080076673,-0.218435638,0.174476358,NA,0.053917446,-0.298812342,0.039167487,0.024969994,0.088733643,0.066334305,0.129219882,-0.170195152,0.466195822,-0.169537344,0.396814244,-0.094228241,-0.570983202,-0.041783788,0.423031705,0.452486754,-0.107284623,-0.018632792,0.47789052,-0.022642477,-0.141140531,-0.146046244,-0.224991719,0.204794295,0.021416473,-0.114674262,-0.092082203,-0.074410375,-0.253668257,-0.659465978,0.015857825,-0.327226398,0.152673418,0.070235819,-0.182575943,0.050705284,-0.193535609,-0.28117762,-0.409676504,-0.243349016,0.098297648,-0.032848238,0.024858384,0.191788545,0.045971124,-0.098117372,0.015851804,0.098033158,-0.067038756,0.163681946,-0.200447068,-0.284048852,-0.366489015,0.331354676,-0.20636623,-0.407060203,-0.173258179,-0.045483057,-0.236365378,-0.473567571,-0.376419467,-0.029495517,0.06377669
0.066811988,-0.365926285,-0.18474709,0.304388101,0.09348493,-0.102092223,0.264055392,0.208734109,0.310335057,0.291043211,0.195760804,0.053917446,NA,0.082384201,-0.215685834,-0.29659459,0.323357742,-0.5109958,-0.598114712,-0.080720675,-0.192884052,0.114342322,-0.062997748,0.005029285,0.238264781,-0.231643131,-0.531246953,-0.194065053,0.058481683,0.208679114,-0.126079521,0.087263806,0.409585399,-0.084695697,-0.102273854,-0.22351087,-0.126873944,-0.201887531,-0.555135196,-0.131129489,-0.364302978,0.326339435,-0.141854052,-0.271338612,-0.181919635,-0.118446776,0.167641877,0.127857257,0.067078479,-0.417473269,0.053234324,-0.056361106,-0.217578356,0.275990985,-0.383749113,-0.61384114,-0.187744592,-0.038543228,-0.192431203,0.108770323,-0.171802606,0.374565028,0.159843176,0.082813317,-0.15349422,-0.277092858,-0.481252126,-0.284091005,0.000301031,-0.063402712,-0.240550141,-0.11333712,-0.170201496,-0.048010472,-0.026191097
0.198038958,-0.107142413,0.295671703,-0.218353425,-0.343842388,0.14207383,0.071595512,-0.432878384,-0.324560384,-0.220840107,-0.334487208,-0.298812342,0.082384201,NA,-0.272314306,-0.206206456,-0.412386679,-0.370128498,-0.055614536,-0.132270573,-0.218845317,0.244781084,0.231061832,0.175707103,0.032478936,0.197177515,0.131624532,0.308364431,0.145267031,-0.089048293,-0.127351053,-0.016918827,0.134738464,0.138607902,-0.197085523,-0.149251778,-0.009988144,-0.470793434,-0.011102938,-0.448472826,0.207887733,-0.453855322,-0.315430854,-0.084496797,-0.24778945,0.059089365,0.09170149,-0.133472695,0.138118643,0.246202459,-0.166077884,-0.225407548,-0.106203994,-0.09973003,0.333854933,0.050667985,0.5558914,0.211697852,-0.394109938,0.296676834,-0.100837265,-0.037791293,0.400545786,-0.192913122,0.019848625,-0.139001282,-0.198389817,-0.097259639,-0.039037341,-0.290789485,-0.40286725,-0.351515242,-0.0342129,0.189112465,0.328646288
0.235695353,-0.366885024,0.272620423,-0.475861315,0.024294402,-0.153129296,0.159286201,0.274746595,-0.081111693,-0.023368325,-0.351545306,0.039167487,-0.215685834,-0.272314306,NA,0.071619529,-0.058033152,0.26471611,-0.015330534,0.016565289,0.256577353,-0.191783609,-0.363404109,-0.03114983,-0.07421961,0.101273632,-0.041702864,-0.088524453,0.401401123,-0.33464522,0.376070778,-0.284881779,0.221100122,-0.259157182,0.483202491,-0.261698357,0.419130276,0.117888493,-0.662972375,0.171473512,0.129761504,0.342752954,-0.039195326,-0.129955488,0.08574634,0.061805833,-0.128293454,-0.105881511,-0.390995453,0.202648823,-0.241742478,-0.183168783,-0.091822756,-0.207555997,-0.504786031,-0.489754801,0.200956027,-0.42338068,-0.114278846,-0.063898889,-0.258244497,-0.025569848,0.476338379,0.182522383,0.515299921,0.433102831,0.028402851,0.246035256,-0.54367468,-0.318305362,-0.037813346,-0.313353564,0.488643407,-0.269165615,-0.047490124
0.338701714,-0.069150054,-0.038354097,0.161400819,-0.171300848,-0.032591167,-0.177057954,0.127597982,-0.378278199,-0.315971253,-0.465953702,0.024969994,-0.29659459,-0.206206456,0.071619529,NA,0.000811128,0.552094809,-0.274850596,-0.006010032,0.108600598,0.345937833,-0.248769132,-0.369269651,0.064885982,0.174025586,-0.251429406,-0.343347521,-0.145535611,-0.178718343,0.019295202,-0.341570453,-0.47959247,-0.14444415,-0.00827524,-0.082612271,-0.059787584,-0.173439998,-0.17092858,-0.22578066,-0.378056783,-0.230014466,0.406670414,0.127171958,-0.051705663,0.535840892,0.344516305,0.213771289,-0.307099474,0.065012178,0.333294321,0.112865566,-0.575946343,0.508788065,-0.337916326,-0.012355087,0.566592068,-0.229273623,-0.102477933,-0.048459803,0.109198219,-0.42309877,-0.094153699,0.125096667,-0.228822631,-0.295838148,0.097164751,-0.205766072,0.507813836,-0.061235526,0.1924472,-0.008227863,-0.072715804,-0.427711443,-0.269167719
-0.134277715,-0.07488709,-0.21925856,0.129621049,-0.229306901,-0.110109766,0.038103987,-0.134016189,0.125358563,-0.234943211,-0.025839019,0.088733643,0.323357742,-0.412386679,-0.058033152,0.000811128,NA,-0.548267797,-0.67264136,-0.178302385,-0.164555575,-0.327320637,0.028984238,0.12968706,0.452443996,-0.55876853,0.33069558,0.284220217,-0.128355848,0.552679656,0.063410697,-0.087671227,0.166197919,-0.120107997,0.202064279,-0.053080225,-0.02420835,-0.002104647,-0.404534444,-0.162549944,-0.02535504,0.269682177,-0.122391452,0.10659802,-0.32750936,0.073034794,-0.009989341,0.226756881,0.136716045,-0.255853405,-0.220294756,0.321495825,-0.379410136,-0.11119769,-0.390675235,-0.468806615,-0.018051388,-0.44160729,-0.234045127,-0.042674402,0.560078474,0.294166982,-0.00245161,0.303177608,0.092086039,-0.462607338,-0.643769872,-0.142748721,-0.207425346,-0.296459113,-0.518336382,0.402020881,0.245417551,-0.322628554,-0.127727199
-0.268927913,-0.016170226,-0.349894094,-0.063872411,-0.116836685,0.452771601,0.195575729,-0.346974784,-0.396270641,0.303139513,-0.173727866,0.066334305,-0.5109958,-0.370128498,0.26471611,0.552094809,-0.548267797,NA,-0.455939487,0.415748221,0.197666341,-0.030685887,0.083018474,-0.339341216,0.171944138,-0.168487437,0.025263805,-0.001022512,0.176950057,0.177203646,-0.208603216,-0.058540601,-0.161187624,-0.387683526,-0.004121465,-0.048227151,0.466659092,-0.180469876,-0.006174913,-0.258082473,-0.395639623,-0.360994103,0.109188263,0.14186461,0.222725573,-0.032760329,-0.083967501,0.124521096,0.10017494,-0.244058157,0.428328964,0.073907729,0.13371557,-0.116946582,-0.196928578,-0.241121411,0.027659042,0.277509894,0.05870208,0.281949597,0.242573374,-0.149017683,-0.08981605,-0.305020878,0.029617758,0.137342447,0.059716308,-0.380991648,0.43498576,0.077187258,0.438180463,-0.015187319,-0.307129269,0.196865577,-0.137403584
-0.189609819,0.052002056,-0.000812578,-0.16997032,0.150708299,-0.144349472,-0.082057586,0.037018112,0.145632,0.043945635,-0.786061153,0.129219882,-0.598114712,-0.055614536,-0.015330534,-0.274850596,-0.67264136,-0.455939487,NA,-0.400222552,0.330043605,0.035494151,-0.307244258,-0.116337941,-0.064665586,0.189442307,0.011585171,-0.251920735,-0.212167354,0.05928684,-0.288725265,0.044657839,0.141785661,-0.101992315,-0.110645829,0.216034505,0.550506728,-0.227239992,0.305705835,-0.135964878,0.128990262,NA,0.44235945,0.114638935,-0.054683494,0.24282545,0.322599624,0.150765743,-0.342178866,-0.111867697,0.397400607,-0.330407934,-0.234623048,-0.153819864,-0.08006974,-0.231013567,-0.270151935,-0.237945122,0.492714665,0.388918774,0.005826963,0.115334314,-0.323015244,-0.143004582,0.350718369,0.29400772,-0.134764407,0.249503451,0.386057004,-0.172820129,-0.216263743,-0.037664528,-0.38270225,-0.022178876,-0.052476658
0.020959804,0.088795764,-0.035134928,-0.314588213,-0.223839542,0.368894848,-0.672344547,0.028702459,0.280912432,-0.056389122,0.014045925,-0.170195152,-0.080720675,-0.132270573,0.016565289,-0.006010032,-0.178302385,0.415748221,-0.400222552,NA,0.040578495,-0.202759906,-0.487974695,-0.505798842,0.205240588,0.067918244,0.372068912,-0.100246349,-0.22017362,-0.439566309,-0.104042065,-0.166924779,-0.334765751,0.229428477,0.463220202,0.37732889,0.33518991,-0.510835041,0.216292523,0.18745425,0.458501197,-0.144720453,-0.040740692,-0.338850471,0.30161884,-0.298162595,-0.226963921,0.0182144,0.02278275,0.489508608,0.072096237,-0.234570733,0.00253438,0.405677997,0.114342684,0.155804578,-0.134036622,-0.195178681,-0.372501848,-0.27153556,-0.559475968,0.053179707,-0.098316134,-0.644107265,0.371615629,-0.432869195,0.016284273,0.048608336,-0.086576519,0.10862662,0.11019095,0.406753693,-0.14330583,-0.268722552,0.11541077
0.038908695,0.151700764,-0.189802359,0.252523038,0.293834732,0.198179596,-0.421731227,-0.258007114,-0.049469044,-0.092165358,0.282787486,0.466195822,-0.192884052,-0.218845317,0.256577353,0.108600598,-0.164555575,0.197666341,0.330043605,0.040578495,NA,0.264650694,0.134521988,-0.227603059,-0.10175917,0.231463178,0.561888743,0.060825612,0.115992499,-0.030679495,-0.083914987,0.187867671,-0.043340028,0.053278651,0.189202475,-0.171969432,-0.07124202,-0.469046305,-0.230213516,-0.397722116,0.152533503,-0.289026984,-0.05529525,-0.602759815,-0.180332828,0.582948937,-0.172184754,0.434023487,-0.335446169,0.185086118,-0.33370437,-0.045726281,0.089057108,-0.1994514,-0.012537088,0.306537187,-0.300905677,0.013268836,-0.055394869,0.163427149,-0.141515688,-0.080155597,-0.475420388,-0.13358582,0.024721824,-0.429962151,-0.038307937,-0.640643801,-0.145761965,-0.21579682,-0.17460675,-0.268335922,0.122844721,-0.042845952,0.107761045
0.374091659,0.018042861,0.284249558,-0.026581737,0.07521874,0.175711983,0.315384292,0.010717258,-0.369536424,-0.385316468,0.216661575,-0.169537344,0.114342322,0.244781084,-0.191783609,0.345937833,-0.327320637,-0.030685887,0.035494151,-0.202759906,0.264650694,NA,0.18995778,-0.147146423,0.440843383,0.184221856,-0.246652565,-0.846549246,-0.109223705,0.015882053,-0.218408222,-0.65873075,0.442438979,-0.163913721,0.00036658,0.275606177,-0.155945336,-0.141796698,0.588316305,-0.443929856,-0.069039502,-0.651970096,0.07057167,-0.286596553,0.152922054,-0.392017219,-0.101652702,-0.048145422,-0.45610251,-0.057438718,-0.256817363,0.206035278,0.276970414,0.047355726,-0.021602699,-0.318386265,0.71205024,0.085955647,0.00934888,-0.163503824,0.122288178,0.173889354,0.410647946,0.148790066,-0.000310494,0.017079392,0.254973725,-0.201595536,-0.064954655,0.23633588,0.068163289,0.048500819,0.219823077,0.464355368,0.040083737
-0.096252142,-0.288698527,0.138911239,0.245310095,-0.439407422,-0.107304909,-0.257245411,0.327246911,0.389727664,-0.129682248,-0.199898202,0.396814244,-0.062997748,0.231061832,-0.363404109,-0.248769132,0.028984238,0.083018474,-0.307244258,-0.487974695,0.134521988,0.18995778,NA,0.381989378,-0.059667496,-0.173188817,0.111137954,0.163872172,-0.286932327,0.027469062,-0.463318866,0.171799365,0.28561026,-0.095104252,-0.143949451,-0.085529462,0.146522362,0.104322286,-0.098652339,0.452292584,0.076207497,-0.510494444,-0.040143825,0.210539693,0.498171387,0.053368027,-0.090374689,-0.479374334,-0.526467731,-0.170697556,0.348312462,0.187345709,-0.25605908,-0.038086038,-0.233749382,0.134929288,-0.56627742,-0.12373327,-0.191136814,-0.015044358,-0.361083336,-0.16411101,-0.016934095,-0.037250382,0.005236225,0.029349898,-0.212510392,0.231555716,0.020410389,-0.115571424,0.021460068,0.301587055,-0.115112481,0.277186697,0.012283769
-0.31544025,0.074216298,-0.356598605,-0.070482835,0.045742418,-0.197089765,-0.121379379,-0.285140097,-0.576066419,-0.606783822,0.065432473,-0.094228241,0.005029285,0.175707103,-0.03114983,-0.369269651,0.12968706,-0.339341216,-0.116337941,-0.505798842,-0.227603059,-0.147146423,0.381989378,NA,-0.128065232,-0.128897247,0.0361756,-0.253579346,-0.077768611,0.178551186,-0.33415716,0.227461302,0.112953828,-0.249571468,0.483463062,-0.161029105,-0.088187834,0.28035583,-0.033930704,0.408235202,0.485360318,-0.916591598,-0.108185594,0.06721431,0.012807926,-0.030700238,-0.023913014,0.094785648,0.02718165,-0.372607332,0.284993657,-0.010314727,-0.336101939,-0.601010129,-0.088092348,0.274603036,-0.221416486,0.133151731,0.223149968,-0.225628734,-0.045196407,-0.394935934,-0.411945795,0.200288307,0.016867125,0.024916818,-0.21119803,0.12214254,0.398750166,-0.125565167,-0.019573223,0.17455901,-0.03010631,-0.147821712,-0.440538296
-0.460371521,-0.417457412,-0.219877288,-0.131109601,-0.100630336,-0.161696141,-0.606370337,0.334067165,-0.058122683,0.232622274,0.148791056,-0.570983202,0.238264781,0.032478936,-0.07421961,0.064885982,0.452443996,0.171944138,-0.064665586,0.205240588,-0.10175917,0.440843383,-0.059667496,-0.128065232,NA,-0.302563626,0.490601079,-0.254176348,-0.154274544,0.209860626,0.175598761,-0.175215534,-0.267863891,0.378702387,-0.132345714,0.280514628,0.169800851,0.485678366,-0.373379304,0.186105131,-0.428542342,0.629719965,0.002014713,-0.074010454,-0.099985021,-0.085285012,-0.048250476,-0.474584774,-0.013792676,-0.132513582,-0.245126942,0.023916838,-0.315329607,-0.112036779,0.038804307,0.157724755,-0.286195249,-0.217736844,0.030692615,0.235381928,-0.13554786,-0.407960432,0.522065506,-0.498220501,-0.048592235,-0.213570246,-0.241641617,0.214681159,-0.16476702,0.144142753,0.49619137,-0.011087724,0.242744469,0.028089724,-0.197249751
-0.139328278,-0.280632622,-0.301361314,-0.372476348,0.086880487,-0.110868763,-0.190111993,0.273961168,-0.522321319,0.183344384,0.203333033,-0.041783788,-0.231643131,0.197177515,0.101273632,0.174025586,-0.55876853,-0.168487437,0.189442307,0.067918244,0.231463178,0.184221856,-0.173188817,-0.128897247,-0.302563626,NA,-0.095659103,-0.415054078,0.063412202,0.022489746,-0.221679117,0.113897163,0.661250411,0.259153265,0.409813129,0.077812237,-0.275254703,-0.301765057,-0.327710212,-0.322352337,-0.238144809,-0.270198805,0.09139174,0.113745184,0.220662624,-0.283151693,-0.022678676,-0.028033457,0.238981002,0.125056075,-0.451507574,-0.33400752,-0.027694158,-0.047651485,-0.504387414,-0.025911626,-0.522720103,0.075107311,-0.36651572,-0.529164149,0.335894785,-0.187062764,0.320737571,0.299166728,0.261769403,0.042233453,0.079572212,-0.038350371,0.44699423,-0.107791033,-0.153226881,-0.140718348,0.116878673,0.267794102,0.129982464
0.383016256,0.108092232,0.269926407,-0.258567481,0.215222741,-0.170726732,-0.298175672,-0.085949547,0.093777071,0.088199821,-0.233451355,0.423031705,-0.531246953,0.131624532,-0.041702864,-0.251429406,0.33069558,0.025263805,0.011585171,0.372068912,0.561888743,-0.246652565,0.111137954,0.0361756,0.490601079,-0.095659103,NA,0.046373044,0.357326778,-0.117425546,-0.268011207,0.192577911,0.310205974,-0.488130968,-0.000114133,0.248864943,0.301108409,-0.026244196,-0.050397325,-0.097055157,-0.284918956,-0.259654388,-0.226160029,0.111265633,-0.04355063,0.09698801,-0.067398906,0.03478239,0.137245827,0.148576765,-0.279026614,0.1470845,0.142174349,0.07108012,0.052067404,0.025425667,-0.040640816,-0.341627345,-0.498974268,-0.412271805,-0.355115838,-0.048438237,0.048100552,-0.116138346,0.042718705,-0.291441333,0.053947093,-0.16627404,-0.141032099,-0.133125329,-0.357502504,-0.533155286,0.09168032,-0.505384169,-0.071620711
0.002166982,-0.094166815,-0.332086614,0.039838333,0.23294099,0.140818298,-0.295344496,0.05364029,-0.086808256,-0.107539845,0.161785858,0.452486754,-0.194065053,0.308364431,-0.088524453,-0.343347521,0.284220217,-0.001022512,-0.251920735,-0.100246349,0.060825612,-0.846549246,0.163872172,-0.253579346,-0.254176348,-0.415054078,0.046373044,NA,0.11197911,-0.288938485,0.083314026,0.120080422,-0.025480727,0.24121688,0.169822787,-0.122256024,0.539459837,-0.184623282,-0.107519255,0.061578649,0.016624937,-0.24191285,-0.260488283,0.308777506,0.115818824,0.213904217,-0.199023776,-0.232010077,-0.178003742,0.118631778,0.032594923,0.245456726,-0.113795159,0.05523207,0.389537219,0.08861107,-0.332953003,-0.223455179,-0.221063856,-0.090077082,-0.430475347,0.097948472,0.130149462,-0.148590297,-0.028990053,-0.212314629,0.015657137,-0.108274743,-0.397727151,-0.014240871,0.176407445,0.49009337,-0.317571592,-0.131287013,-0.225394881
-0.098090845,0.100986885,-0.184346421,0.208227653,-0.087217761,-0.362980442,-0.45055374,-0.046949883,-0.238496341,-0.095541715,0.301902889,-0.107284623,0.058481683,0.145267031,0.401401123,-0.145535611,-0.128355848,0.176950057,-0.212167354,-0.22017362,0.115992499,-0.109223705,-0.286932327,-0.077768611,-0.154274544,0.063412202,0.357326778,0.11197911,NA,0.225354909,0.3711068,-0.098607194,0.077633243,-0.353743172,0.104842428,-0.224479767,0.005019923,0.343359683,0.424465109,-0.062951161,-0.158173154,0.03915596,0.303125339,-0.15558784,-0.026868111,-0.110238645,-0.122982115,-0.31139446,0.385545543,-0.146560137,0.009216342,0.007278891,0.076290991,-0.11064729,0.175486216,-0.10348873,-0.101219058,0.379455521,0.373466526,-0.342374221,-0.478971291,-0.5062442,-0.06814154,0.062412855,-0.182379078,0.066944001,0.0860928,-0.140061166,-0.060388297,-0.021652814,-0.137195105,0.374657911,-0.127343097,0.129924476,-0.183885237
-0.258388104,0.22478244,-0.081322937,-0.298159284,-0.055552944,0.139869081,-0.227699612,-0.152047385,0.063377962,-0.259910735,0.381903567,-0.018632792,0.208679114,-0.089048293,-0.33464522,-0.178718343,0.552679656,0.177203646,0.05928684,-0.439566309,-0.030679495,0.015882053,0.027469062,0.178551186,0.209860626,0.022489746,-0.117425546,-0.288938485,0.225354909,NA,0.125108751,0.356296183,0.400530708,-0.069744358,-0.03855844,0.541983926,0.262014392,0.004256943,-0.252826677,0.0644327,0.67908504,-0.324322955,0.428061939,0.032420241,0.269989134,-0.080540779,-0.168456497,-0.053049,0.199351301,-0.029804064,-0.474819671,-0.114784843,0.283726802,-0.270547032,-0.261646507,-0.035166966,0.061806374,-0.250187636,-0.092492579,-0.207602926,0.103265856,-0.485763329,-0.298165481,-0.059762813,-0.205507995,0.145544155,-0.268535418,0.379300558,0.095728065,-0.172146683,0.203465598,0.267314218,0.13964275,0.147659502,-0.059663419
0.427907634,-0.292036951,0.275486583,0.107959735,0.040639802,-0.188636896,0.313595276,0.106006396,0.158528119,-0.360004684,-0.008025539,0.47789052,-0.126079521,-0.127351053,0.376070778,0.019295202,0.063410697,-0.208603216,-0.288725265,-0.104042065,-0.083914987,-0.218408222,-0.463318866,-0.33415716,0.175598761,-0.221679117,-0.268011207,0.083314026,0.3711068,0.125108751,NA,0.408939996,0.069025687,-0.431164937,0.047605807,0.073345079,-0.127697222,-0.09970775,0.073515774,-0.040423952,0.627502292,0.305826904,-0.539086751,-0.046807459,-0.073694198,-0.228769201,-0.345849661,-0.309711257,0.408712609,-0.127031036,-0.450468248,-0.273728706,0.444137655,0.225302098,0.006876418,0.033275773,-0.148631718,0.085515088,0.512496645,-0.169766817,0.151563107,0.467647723,-0.067872552,-0.158937955,0.361281011,-0.486586515,-0.013195797,0.072165079,-0.187078931,-0.480446158,0.009475647,-0.212365921,-0.138216341,-0.013823805,-0.226923524
-0.112674206,0.132589004,-0.123475707,0.131354254,-0.095411992,0.341322175,-0.22872791,-0.117484691,-0.176860566,-0.326847556,-0.087520565,-0.022642477,0.087263806,-0.016918827,-0.284881779,-0.341570453,-0.087671227,-0.058540601,0.044657839,-0.166924779,0.187867671,-0.65873075,0.171799365,0.227461302,-0.175215534,0.113897163,0.192577911,0.120080422,-0.098607194,0.356296183,0.408939996,NA,0.067471357,0.02656167,-0.273680684,-0.320388261,-0.000889162,0.056058341,0.286876664,0.360268615,0.005554768,0.101932336,-0.285074621,-0.111950353,0.104458731,-0.131128567,0.204420325,0.101362839,0.329888536,0.114629645,0.340528896,-0.357127489,0.019608167,-0.481438685,0.182930513,0.129518375,0.185089636,0.213666022,-0.10854022,0.04787864,-0.175525745,-0.289488574,0.339692762,-0.327941791,-0.1802358,0.242724447,0.016596101,-0.235297563,-0.241385754,-0.001051592,0.252528665,-0.158031824,-0.034117379,0.053311756,-0.096322316
-0.049503346,-0.148347353,-0.12191136,-0.022919116,-0.213897399,-0.572826529,-0.310166924,-0.287859977,-0.113226853,-0.13433486,-0.457499623,-0.141140531,0.409585399,0.134738464,0.221100122,-0.47959247,0.166197919,-0.161187624,0.141785661,-0.334765751,-0.043340028,0.442438979,0.28561026,0.112953828,-0.267863891,0.661250411,0.310205974,-0.025480727,0.077633243,0.400530708,0.069025687,0.067471357,NA,-0.261642969,-0.397796643,-0.633062251,0.009397083,0.293248361,-0.196626945,0.135331739,-0.341619089,-0.275843923,0.276313494,0.294682588,-0.140839548,0.302636666,-0.683659316,-0.155226007,-0.092567431,0.504510232,0.328910015,0.109892817,-0.007259968,-0.17139331,-0.488252946,0.191075674,-0.071815958,0.246192031,-0.00587419,0.377028222,-0.254616613,-0.39891367,-0.071110195,0.285548188,0.452108404,0.075261583,0.397687028,-0.112875711,0.333158719,-0.308293995,-0.076992055,0.17083789,-0.038053889,-0.473808688,-0.38385554
-0.165346988,0.153122527,-0.059466721,-0.287194099,-0.262980537,-0.228981933,-0.314991037,-0.159028046,-0.055733502,-0.021222597,0.374579704,-0.146046244,-0.084695697,0.138607902,-0.259157182,-0.14444415,-0.120107997,-0.387683526,-0.101992315,0.229428477,0.053278651,-0.163913721,-0.095104252,-0.249571468,0.378702387,0.259153265,-0.488130968,0.24121688,-0.353743172,-0.069744358,-0.431164937,0.02656167,-0.261642969,NA,-0.030542614,0.360346118,-0.125539344,0.219172686,-0.000888681,-0.302019222,-0.156510976,-0.739489352,-0.551933469,-0.082344089,0.157643618,0.279271185,-0.505080078,0.233359079,-0.018904375,0.186625827,-0.198722175,-0.045473782,-0.352402927,-0.185466639,-0.249442191,-0.25670062,0.150093872,-0.058765045,0.619930142,0.244123363,0.276614408,-0.361560911,0.113133541,-0.210921633,0.174262645,0.400016532,0.003502482,0.352686455,0.007914961,0.069198165,-0.261296691,-0.169814463,0.32038161,0.742283231,-0.141450062
0.330620365,-0.212917487,-0.674125432,0.220744132,0.101556769,0.007899282,0.313407703,-0.473450736,0.167336513,-0.201207346,-0.104636925,-0.224991719,-0.102273854,-0.197085523,0.483202491,-0.00827524,0.202064279,-0.004121465,-0.110645829,0.463220202,0.189202475,0.00036658,-0.143949451,0.483463062,-0.132345714,0.409813129,-0.000114133,0.169822787,0.104842428,-0.03855844,0.047605807,-0.273680684,-0.397796643,-0.030542614,NA,0.048498596,0.087708281,-0.241920483,0.341837859,0.054003445,0.32008588,0.486871349,0.370404639,-0.416040492,0.295589826,-0.065645051,-0.092245805,0.459438763,-0.216379317,0.033190076,0.176214254,-0.13439265,-0.130457256,-0.017653083,-0.406799252,0.061220769,0.01286465,-0.46657323,0.119119524,0.269704463,-0.006615888,0.099432092,0.048783158,-0.263232479,-0.369104764,-0.686263669,-0.273004364,-0.129743975,-0.221744876,0.034343768,-0.248237391,0.213554389,-0.068159757,0.288895241,0.152363184
-0.556195362,0.11542464,0.100847207,-0.021006026,0.013871066,0.033100639,0.02558947,0.083091431,-0.120253004,-0.162779896,0.173724603,0.204794295,-0.22351087,-0.149251778,-0.261698357,-0.082612271,-0.053080225,-0.048227151,0.216034505,0.37732889,-0.171969432,0.275606177,-0.085529462,-0.161029105,0.280514628,0.077812237,0.248864943,-0.122256024,-0.224479767,0.541983926,0.073345079,-0.320388261,-0.633062251,0.360346118,0.048498596,NA,-0.250903853,0.120544763,0.538925416,0.043810553,0.447988022,0.080005328,NA,0.146330566,0.015144964,0.184644095,-0.216730693,-0.19377903,-0.220396743,0.442016068,-0.047343863,-0.236255162,0.146920065,-0.473001963,0.172942264,-0.066503505,-0.064541015,-0.205784818,-0.108559414,0.179214762,-0.077684629,-0.130741462,-0.531556036,0.016654325,0.364353618,0.505734315,0.246272462,0.374114919,0.296846123,0.203840134,-0.370387646,0.10193726,-0.389879842,-0.036910486,0.399753663
-0.188444416,-0.199816242,-0.335153458,-0.08023273,-0.008895778,-0.008198683,-0.0292344,0.070674954,0.362149775,-0.105566223,-0.421294068,0.021416473,-0.126873944,-0.009988144,0.419130276,-0.059787584,-0.02420835,0.466659092,0.550506728,0.33518991,-0.07124202,-0.155945336,0.146522362,-0.088187834,0.169800851,-0.275254703,0.301108409,0.539459837,0.005019923,0.262014392,-0.127697222,-0.000889162,0.009397083,-0.125539344,0.087708281,-0.250903853,NA,-0.150047096,0.116382144,0.109470654,0.119747257,0.087296115,-0.264082617,0.130466464,0.045307759,0.041218987,0.117792885,-0.371427108,-0.358419699,-0.234325056,0.085866096,0.362930202,-0.011881988,-0.383537042,0.147547901,0.212353582,-0.238304996,-0.171037309,0.004319105,-0.329553062,-0.179987391,-0.325456463,0.124502093,0.399233466,-0.35535613,-0.418545794,-0.413451926,-0.06639788,-0.299992456,0.034985276,-0.452213676,-0.116078379,-0.293883461,-0.124413202,0.325233369
-0.118788594,-0.293385591,0.055184636,-0.048016882,0.149184528,0.134997787,-0.005867289,-0.202262375,0.484736504,0.138796252,0.385021255,-0.114674262,-0.201887531,-0.470793434,0.117888493,-0.173439998,-0.002104647,-0.180469876,-0.227239992,-0.510835041,-0.469046305,-0.141796698,0.104322286,0.28035583,0.485678366,-0.301765057,-0.026244196,-0.184623282,0.343359683,0.004256943,-0.09970775,0.056058341,0.293248361,0.219172686,-0.241920483,0.120544763,-0.150047096,NA,-0.050988269,-0.448873633,-0.048605069,-0.380057377,0.24223173,-0.2132373,-0.137148629,0.470102917,0.025553841,0.446525326,-0.226581294,-0.042889552,0.1183764,0.122444629,-0.128279114,-0.36212558,-0.093586139,-0.007513994,-0.011683948,-0.23722081,0.179979409,-0.059926746,-0.1236722,-0.149345633,0.239330376,0.252253619,-0.136595976,0.001020102,-0.334998791,-0.033142981,-0.467108369,-0.359420679,-0.11121828,-0.164823349,0.23777627,0.045152717,-0.1770412
0.038885046,-0.133887984,0.077625965,0.145365203,-0.172283936,-0.053045962,0.096795098,0.095042021,0.534243478,-0.199088327,-0.262733164,-0.092082203,-0.555135196,-0.011102938,-0.662972375,-0.17092858,-0.404534444,-0.006174913,0.305705835,0.216292523,-0.230213516,0.588316305,-0.098652339,-0.033930704,-0.373379304,-0.327710212,-0.050397325,-0.107519255,0.424465109,-0.252826677,0.073515774,0.286876664,-0.196626945,-0.000888681,0.341837859,0.538925416,0.116382144,-0.050988269,NA,0.124568023,-0.177582937,0.655645692,-0.267324468,0.205442849,0.361020276,0.047733115,-0.200267302,-0.171430767,0.289539235,0.16899653,0.056301299,0.115416352,-0.187704068,-0.179412648,-0.04247529,-0.172036942,-0.240299827,0.050618922,-0.333836186,0.040628013,0.022530799,-0.065916889,-0.207023354,0.032407012,0.224072948,-0.113369882,-0.111222044,0.439044586,0.186872459,-0.095356785,0.083263602,0.007417314,0.261776434,-0.354245864,-0.346139711
0.270285314,0.245194359,0.283713755,0.335510362,0.15821042,0.002767095,0.217594501,0.069939298,0.289843725,-0.019928648,-0.125958526,-0.074410375,-0.131129489,-0.448472826,0.171473512,-0.22578066,-0.162549944,-0.258082473,-0.135964878,0.18745425,-0.397722116,-0.443929856,0.452292584,0.408235202,0.186105131,-0.322352337,-0.097055157,0.061578649,-0.062951161,0.0644327,-0.040423952,0.360268615,0.135331739,-0.302019222,0.054003445,0.043810553,0.109470654,-0.448873633,0.124568023,NA,0.341882165,0.360843255,-0.211564135,-0.32114944,0.21136596,-0.312754857,-0.104906165,-0.39197363,-0.342735547,0.031992794,-0.380617547,-0.085205488,0.557085039,0.16741777,-0.168242381,-0.21579789,-0.167752851,0.204320471,-0.340570844,0.081395497,-0.002808933,-0.578121989,0.132536812,-0.130042,NA,0.154134325,-0.181001593,-0.329116098,0.094665235,-0.158152116,-0.030039347,-0.18002694,-0.162931341,-0.005361673,-0.053152124
-0.281791293,-0.07467287,-0.278403991,-0.257816494,-0.032306719,0.234499023,-0.170228507,-0.200230482,-0.559868359,0.155364215,-0.111915808,-0.253668257,-0.364302978,0.207887733,0.129761504,-0.378056783,-0.02535504,-0.395639623,0.128990262,0.458501197,0.152533503,-0.069039502,0.076207497,0.485360318,-0.428542342,-0.238144809,-0.284918956,0.016624937,-0.158173154,0.67908504,0.627502292,0.005554768,-0.341619089,-0.156510976,0.32008588,0.447988022,0.119747257,-0.048605069,-0.177582937,0.341882165,NA,-0.435782163,-0.021134329,-0.157504626,-0.303163038,0.006951267,-0.134121881,-0.062590335,0.271868462,0.017212722,-0.130108425,-0.292000679,-0.067106826,-0.249855655,0.129345404,-0.33993215,-0.42851218,-0.446006772,0.173076159,-0.239877881,-0.147760818,-0.432537434,-0.162877448,0.472327106,0.128029265,0.359670692,0.355098611,0.50831195,-0.302118869,0.075836311,0.059372339,-0.047684213,0.088772048,-0.398579698,-0.309734813
0.488293219,-0.08478041,0.598372787,-0.275739987,0.164141605,0.159012748,-0.334777863,-0.357643296,0.154410969,0.208690432,-0.307644684,-0.659465978,0.326339435,-0.453855322,0.342752954,-0.230014466,0.269682177,-0.360994103,NA,-0.144720453,-0.289026984,-0.651970096,-0.510494444,-0.916591598,0.629719965,-0.270198805,-0.259654388,-0.24191285,0.03915596,-0.324322955,0.305826904,0.101932336,-0.275843923,-0.739489352,0.486871349,0.080005328,0.087296115,-0.380057377,0.655645692,0.360843255,-0.435782163,NA,0.301131645,-0.152467228,-0.307464977,-0.351162154,0.04955602,0.251717524,-0.324346931,0.401047579,0.36583855,-0.08499745,0.797092834,0.179719142,-0.913741889,0.896279596,0.172464973,-0.395899731,0.328291419,-0.363988713,-0.690581031,0.369750884,0.424962192,0.246940881,-0.367996793,-0.259027743,-0.113706547,-0.022465841,-0.728014598,0.345412712,0.281577251,0.034831026,0.285240496,-0.585753562,-0.466811491
0.63653962,0.030545329,0.408926375,0.549719091,-0.145302803,0.050357762,0.520335877,0.241746065,0.389005156,-0.291425772,0.241173778,0.015857825,-0.141854052,-0.315430854,-0.039195326,0.406670414,-0.122391452,0.109188263,0.44235945,-0.040740692,-0.05529525,0.07057167,-0.040143825,-0.108185594,0.002014713,0.09139174,-0.226160029,-0.260488283,0.303125339,0.428061939,-0.539086751,-0.285074621,0.276313494,-0.551933469,0.370404639,NA,-0.264082617,0.24223173,-0.267324468,-0.211564135,-0.021134329,0.301131645,NA,-0.44805414,0.202378288,-0.122536261,0.048003083,0.127779658,0.218905714,0.36105489,0.406895705,-0.167755735,-0.113178413,0.131148642,0.208930433,0.002638223,0.111895155,-0.015471384,-0.343159166,0.131755449,-0.041655388,-0.330883911,-0.31363412,0.32786044,0.024038971,-0.530394792,-0.251569321,0.283286394,0.504971908,0.25256104,-0.181538875,0.131955009,0.287815467,0.134978321,-0.266125636
0.376921249,-0.357490778,0.154254326,NA,0.068635799,-0.161749112,0.25395206,-0.486787281,-0.197372736,-0.493218355,0.324065116,-0.327226398,-0.271338612,-0.084496797,-0.129955488,0.127171958,0.10659802,0.14186461,0.114638935,-0.338850471,-0.602759815,-0.286596553,0.210539693,0.06721431,-0.074010454,0.113745184,0.111265633,0.308777506,-0.15558784,0.032420241,-0.046807459,-0.111950353,0.294682588,-0.082344089,-0.416040492,0.146330566,0.130466464,-0.2132373,0.205442849,-0.32114944,-0.157504626,-0.152467228,-0.44805414,NA,0.264892496,-0.187481137,-0.182609339,0.01426036,0.142879815,-0.609938038,-0.181109952,-0.487191201,0.078310825,-0.192392477,-0.301694396,0.053746653,-0.170179552,-0.345876905,-0.346613692,-0.232580978,0.007618154,0.133831062,0.046103919,0.094101232,-0.221520111,0.381883491,-0.251346773,-0.201275902,-0.44140166,-0.131061627,-0.320853483,-0.041372166,-0.46481408,0.192405206,0.039967162
-0.036122906,-0.01407107,-0.148019028,-0.088949918,-0.236551635,0.059320729,0.046313742,-0.204408607,0.028209237,0.320170206,0.039024542,0.152673418,-0.181919635,-0.24778945,0.08574634,-0.051705663,-0.32750936,0.222725573,-0.054683494,0.30161884,-0.180332828,0.152922054,0.498171387,0.012807926,-0.099985021,0.220662624,-0.04355063,0.115818824,-0.026868111,0.269989134,-0.073694198,0.104458731,-0.140839548,0.157643618,0.295589826,0.015144964,0.045307759,-0.137148629,0.361020276,0.21136596,-0.303163038,-0.307464977,0.202378288,0.264892496,NA,-0.238370992,-0.331306884,-0.014494438,0.520879936,0.385831646,-0.311547326,0.107770067,-0.474254498,0.25281515,-0.019711089,-0.230798802,0.147282375,-0.009823149,-0.167798468,0.082072534,-0.104498006,0.297251104,-0.094089588,0.012170641,-0.115056626,-0.358725975,0.084201025,-0.335106434,0.020971051,0.323328006,0.1861462,-0.254623225,0.408279703,-0.232987187,0.571444636
-0.100388555,-0.290172783,-0.548591446,-0.298858635,0.08638477,-0.234191412,-0.219329224,-0.054664941,0.136284834,0.310045451,0.289877532,0.070235819,-0.118446776,0.059089365,0.061805833,0.535840892,0.073034794,-0.032760329,0.24282545,-0.298162595,0.582948937,-0.392017219,0.053368027,-0.030700238,-0.085285012,-0.283151693,0.09698801,0.213904217,-0.110238645,-0.080540779,-0.228769201,-0.131128567,0.302636666,0.279271185,-0.065645051,0.184644095,0.041218987,0.470102917,0.047733115,-0.312754857,0.006951267,-0.351162154,-0.122536261,-0.187481137,-0.238370992,NA,-0.16341212,-0.201626846,0.173737883,-0.402683562,-0.123871558,-0.015563316,0.342449648,0.45738953,-0.268379853,0.135956204,-0.273599642,0.036067667,-0.282877745,0.194841933,-0.542952949,-0.057071728,0.260022105,0.179877164,-0.043452786,0.011768345,0.439667002,0.282472174,-0.523549526,0.072037282,0.049860014,0.516700108,0.353557041,0.129086389,-0.236642721
-0.01128445,0.172062703,-0.224510595,-0.21578588,0.148756613,0.111264243,-0.368665251,0.216853596,0.275766735,-0.169869545,-0.214445185,-0.182575943,0.167641877,0.09170149,-0.128293454,0.344516305,-0.009989341,-0.083967501,0.322599624,-0.226963921,-0.172184754,-0.101652702,-0.090374689,-0.023913014,-0.048250476,-0.022678676,-0.067398906,-0.199023776,-0.122982115,-0.168456497,-0.345849661,0.204420325,-0.683659316,-0.505080078,-0.092245805,-0.216730693,0.117792885,0.025553841,-0.200267302,-0.104906165,-0.134121881,0.04955602,0.048003083,-0.182609339,-0.331306884,-0.16341212,NA,-0.147322118,0.376440067,-0.176795738,-0.144740952,-0.255071427,-0.281336644,-0.289979739,-0.106623719,0.220184038,0.004089831,0.349281225,-0.145310653,-0.388065931,-0.108311581,0.332163346,-0.112591606,-0.084590094,-0.275518489,-0.164299638,0.231465829,-0.172284408,0.254102679,0.056806206,0.401693325,0.048350054,0.177574171,0.389430655,0.203579133
-0.531576503,0.266645764,0.229310641,0.246172249,0.199668297,-0.123811802,0.034008826,0.292793659,-0.48774407,-0.223049808,-0.110632738,0.050705284,0.127857257,-0.133472695,-0.105881511,0.213771289,0.226756881,0.124521096,0.150765743,0.0182144,0.434023487,-0.048145422,-0.479374334,0.094785648,-0.474584774,-0.028033457,0.03478239,-0.232010077,-0.31139446,-0.053049,-0.309711257,0.101362839,-0.155226007,0.233359079,0.459438763,-0.19377903,-0.371427108,0.446525326,-0.171430767,-0.39197363,-0.062590335,0.251717524,0.127779658,0.01426036,-0.014494438,-0.201626846,-0.147322118,NA,-0.297879026,0.178933394,-0.288778492,0.4649083,-0.172023136,-0.368438707,0.112517701,-0.364376382,-0.513796663,0.391022763,0.131955331,0.147822608,0.144618823,0.027865488,-0.482592647,0.361971179,-0.091242243,0.127814099,-0.285613234,-0.037640428,0.516337028,-0.443638917,-0.117431644,0.238388061,-0.187803938,-0.230967809,-0.145415213
0.129274568,0.001273687,0.209244772,-0.127508643,-0.324515549,0.195568135,-0.491839745,-0.210202801,-0.297435942,0.211818648,-0.496505547,-0.193535609,0.067078479,0.138118643,-0.390995453,-0.307099474,0.136716045,0.10017494,-0.342178866,0.02278275,-0.335446169,-0.45610251,-0.526467731,0.02718165,-0.013792676,0.238981002,0.137245827,-0.178003742,0.385545543,0.199351301,0.408712609,0.329888536,-0.092567431,-0.018904375,-0.216379317,-0.220396743,-0.358419699,-0.226581294,0.289539235,-0.342735547,0.271868462,-0.324346931,0.218905714,0.142879815,0.520879936,0.173737883,0.376440067,-0.297879026,NA,-0.005179971,-0.409100275,0.013917229,-0.105658933,-0.390534539,-0.140948617,0.231577233,-0.166641126,0.095781372,0.032299969,0.014235538,0.201185763,-0.161427629,-0.253656649,0.1137785,-0.187764559,0.168676092,-0.325265459,-0.200814136,-0.476712569,0.069698145,-0.498341352,-0.396628271,-0.147491431,0.289624659,0.083841716
-0.081270074,-0.408203022,0.125564316,-0.087439508,0.336072406,0.136544543,-0.036387776,0.174473859,0.012946373,0.096512872,0.167217365,-0.28117762,-0.417473269,0.246202459,0.202648823,0.065012178,-0.255853405,-0.244058157,-0.111867697,0.489508608,0.185086118,-0.057438718,-0.170697556,-0.372607332,-0.132513582,0.125056075,0.148576765,0.118631778,-0.146560137,-0.029804064,-0.127031036,0.114629645,0.504510232,0.186625827,0.033190076,0.442016068,-0.234325056,-0.042889552,0.16899653,0.031992794,0.017212722,0.401047579,0.36105489,-0.609938038,0.385831646,-0.402683562,-0.176795738,0.178933394,-0.005179971,NA,0.463192916,0.152313825,-0.348094678,0.068774356,-0.038250988,0.078258059,0.317006773,-0.185007567,0.200874888,-0.259952121,-0.093869446,0.449906501,-0.002176485,0.180132061,-0.151036006,-0.592122058,-0.423004775,0.005650409,-0.425198519,0.527823586,-0.105394482,0.162013742,0.081347484,-0.144998008,-0.06591126
-0.125654948,0.109684238,0.246335422,-0.130091657,-0.116804603,0.030186968,-0.462785908,-0.576787714,0.296888812,0.065039428,0.042556972,-0.409676504,0.053234324,-0.166077884,-0.241742478,0.333294321,-0.220294756,0.428328964,0.397400607,0.072096237,-0.33370437,-0.256817363,0.348312462,0.284993657,-0.245126942,-0.451507574,-0.279026614,0.032594923,0.009216342,-0.474819671,-0.450468248,0.340528896,0.328910015,-0.198722175,0.176214254,-0.047343863,0.085866096,0.1183764,0.056301299,-0.380617547,-0.130108425,0.36583855,0.406895705,-0.181109952,-0.311547326,-0.123871558,-0.144740952,-0.288778492,-0.409100275,0.463192916,NA,-0.500848638,0.100082291,-0.250183142,-0.216992682,-0.20962363,-0.042427771,0.415429622,0.046705262,-0.060972696,0.311293856,0.15118636,-0.482973623,-0.269177543,-0.355551536,0.189628196,0.139334329,0.490248904,0.1054961,-0.352818537,0.108730116,0.034696918,-0.058476372,0.465316699,0.208069168
-0.010153723,-0.321491121,0.309317425,-0.028090932,-0.042424523,-0.274724583,0,-0.159262314,-0.296359268,-0.241804707,-0.029915591,-0.243349016,-0.056361106,-0.225407548,-0.183168783,0.112865566,0.321495825,0.073907729,-0.330407934,-0.234570733,-0.045726281,0.206035278,0.187345709,-0.010314727,0.023916838,-0.33400752,0.1470845,0.245456726,0.007278891,-0.114784843,-0.273728706,-0.357127489,0.109892817,-0.045473782,-0.13439265,-0.236255162,0.362930202,0.122444629,0.115416352,-0.085205488,-0.292000679,-0.08499745,-0.167755735,-0.487191201,0.107770067,-0.015563316,-0.255071427,0.4649083,0.013917229,0.152313825,-0.500848638,NA,-0.068162962,-0.35880518,0.079418426,0.004774012,0.038650235,-0.133516628,0.273539158,-0.026589861,0.026047976,-0.410298794,0.167676524,-0.24759832,0.175096411,-0.227504184,0.094680387,-0.258592503,-0.194750033,-0.172265517,-0.695149662,-0.060687622,0.096447229,0.148985606,0.073105708
0.125811089,0.104317938,-0.064749951,-0.306902407,-0.263345329,-0.073673493,-0.324850021,-0.291743996,0.278067958,-0.565503574,0.20304271,0.098297648,-0.217578356,-0.106203994,-0.091822756,-0.575946343,-0.379410136,0.13371557,-0.234623048,0.00253438,0.089057108,0.276970414,-0.25605908,-0.336101939,-0.315329607,-0.027694158,0.142174349,-0.113795159,0.076290991,0.283726802,0.444137655,0.019608167,-0.007259968,-0.352402927,-0.130457256,0.146920065,-0.011881988,-0.128279114,-0.187704068,0.557085039,-0.067106826,0.797092834,-0.113178413,0.078310825,-0.474254498,0.342449648,-0.281336644,-0.172023136,-0.105658933,-0.348094678,0.100082291,-0.068162962,NA,-0.590050288,0.04056156,0.118614274,0.124932341,-0.078191548,-0.040049022,0.195583577,-0.071098224,0.169013611,-0.40120624,-0.072588226,-0.386415757,0.234871797,-0.01237385,-0.521024881,-0.153806034,-0.257619586,-0.305867449,0.141778612,0.09987965,0.12417115,0.08708569
-0.07168652,-0.068378203,-0.249791541,-0.093938254,0.344778679,-0.020182466,0.142625279,-0.092892391,-0.311512194,0.072727639,0.411955975,-0.032848238,0.275990985,-0.09973003,-0.207555997,0.508788065,-0.11119769,-0.116946582,-0.153819864,0.405677997,-0.1994514,0.047355726,-0.038086038,-0.601010129,-0.112036779,-0.047651485,0.07108012,0.05523207,-0.11064729,-0.270547032,0.225302098,-0.481438685,-0.17139331,-0.185466639,-0.017653083,-0.473001963,-0.383537042,-0.36212558,-0.179412648,0.16741777,-0.249855655,0.179719142,0.131148642,-0.192392477,0.25281515,0.45738953,-0.289979739,-0.368438707,-0.390534539,0.068774356,-0.250183142,-0.35880518,-0.590050288,NA,0.222570232,0.188674595,0.272055234,0.061537546,0.530467654,-0.162252623,-0.19970054,-0.189675333,-0.22582699,-0.087231111,-0.063169998,0.228908424,0.440017925,0.279013643,-0.089589495,-0.375721793,-0.187883854,0.192615803,0.184115754,-0.183177386,-0.044070935
-0.176059256,-0.265459174,-0.135388421,-0.066487519,0.138292426,0.245236908,-0.092472282,-0.432898695,-0.216559412,0.081443432,-0.283842042,0.024858384,-0.383749113,0.333854933,-0.504786031,-0.337916326,-0.390675235,-0.196928578,-0.08006974,0.114342684,-0.012537088,-0.021602699,-0.233749382,-0.088092348,0.038804307,-0.504387414,0.052067404,0.389537219,0.175486216,-0.261646507,0.006876418,0.182930513,-0.488252946,-0.249442191,-0.406799252,0.172942264,0.147547901,-0.093586139,-0.04247529,-0.168242381,0.129345404,-0.913741889,0.208930433,-0.301694396,-0.019711089,-0.268379853,-0.106623719,0.112517701,-0.140948617,-0.038250988,-0.216992682,0.079418426,0.04056156,0.222570232,NA,-0.088182141,-0.129469889,-0.261482136,0.274532344,0.410332829,0.102727273,-0.239507525,0.350743505,-0.313867662,0.010754541,0.40326983,0.12061786,0.191238819,0.088467467,-0.202275946,-0.149389107,-0.186026346,-0.147394036,-0.092936618,-0.069918998
-0.193030456,0.429558779,-0.406491672,-0.337293051,0.035858591,-0.386272993,-0.119948558,-0.138439911,0.24081027,-0.385695219,-0.13253875,0.191788545,-0.61384114,0.050667985,-0.489754801,-0.012355087,-0.468806615,-0.241121411,-0.231013567,0.155804578,0.306537187,-0.318386265,0.134929288,0.274603036,0.157724755,-0.025911626,0.025425667,0.08861107,-0.10348873,-0.035166966,0.033275773,0.129518375,0.191075674,-0.25670062,0.061220769,-0.066503505,0.212353582,-0.007513994,-0.172036942,-0.21579789,-0.33993215,0.896279596,0.002638223,0.053746653,-0.230798802,0.135956204,0.220184038,-0.364376382,0.231577233,0.078258059,-0.20962363,0.004774012,0.118614274,0.188674595,-0.088182141,NA,0.040143924,-0.155078873,-0.064324729,-0.044285086,-0.245873301,0.300025075,-0.160962956,0.267971044,0.010330234,0.083212473,0.201001316,-0.020681808,0.023336023,-0.477529573,0.095637483,-0.500198491,-0.025163013,0.021849604,-0.123058883
-0.083264186,0.099574319,-0.213715275,-0.122134387,0.440087434,-0.139091105,-0.41574023,0.44974775,0.261770245,-0.073836382,0.372318676,0.045971124,-0.187744592,0.5558914,0.200956027,0.566592068,-0.018051388,0.027659042,-0.270151935,-0.134036622,-0.300905677,0.71205024,-0.56627742,-0.221416486,-0.286195249,-0.522720103,-0.040640816,-0.332953003,-0.101219058,0.061806374,-0.148631718,0.185089636,-0.071815958,0.150093872,0.01286465,-0.064541015,-0.238304996,-0.011683948,-0.240299827,-0.167752851,-0.42851218,0.172464973,0.111895155,-0.170179552,0.147282375,-0.273599642,0.004089831,-0.513796663,-0.166641126,0.317006773,-0.042427771,0.038650235,0.124932341,0.272055234,-0.129469889,0.040143924,NA,-0.257476871,-0.094384356,-0.27393768,-0.419128661,0.356513606,0.056412742,-0.064352545,-0.010685267,0.366372634,-0.170028383,0.359698221,-0.002834972,-0.390184344,-0.234816126,-0.136743406,-0.134296108,0.222697111,0.326764354
-0.18147017,-0.234534091,0.587508606,0.069326408,0.22375217,0.114906964,-0.075340493,-0.040987116,-0.519050222,-0.32951508,-0.447801578,-0.098117372,-0.038543228,0.211697852,-0.42338068,-0.229273623,-0.44160729,0.277509894,-0.237945122,-0.195178681,0.013268836,0.085955647,-0.12373327,0.133151731,-0.217736844,0.075107311,-0.341627345,-0.223455179,0.379455521,-0.250187636,0.085515088,0.213666022,0.246192031,-0.058765045,-0.46657323,-0.205784818,-0.171037309,-0.23722081,0.050618922,0.204320471,-0.446006772,-0.395899731,-0.015471384,-0.345876905,-0.009823149,0.036067667,0.349281225,0.391022763,0.095781372,-0.185007567,0.415429622,-0.133516628,-0.078191548,0.061537546,-0.261482136,-0.155078873,-0.257476871,NA,-0.300153242,0.172104925,-0.024051991,0.006088404,-0.093766669,-0.343538336,-0.003819131,0,0.218160659,0.139957449,0.215158028,0.255952689,-0.350278244,0.135327279,0.15026213,-0.50919099,-0.249235767
0.048496244,-0.229011978,0.014766751,0.374042151,0.132593086,-0.565817343,-0.107234874,-0.149932898,0.000662134,-0.330925942,0.216107569,0.015851804,-0.192431203,-0.394109938,-0.114278846,-0.102477933,-0.234045127,0.05870208,0.492714665,-0.372501848,-0.055394869,0.00934888,-0.191136814,0.223149968,0.030692615,-0.36651572,-0.498974268,-0.221063856,0.373466526,-0.092492579,0.512496645,-0.10854022,-0.00587419,0.619930142,0.119119524,-0.108559414,0.004319105,0.179979409,-0.333836186,-0.340570844,0.173076159,0.328291419,-0.343159166,-0.346613692,-0.167798468,-0.282877745,-0.145310653,0.131955331,0.032299969,0.200874888,0.046705262,0.273539158,-0.040049022,0.530467654,0.274532344,-0.064324729,-0.094384356,-0.300153242,NA,-0.409801886,0.343439682,-0.245612085,-0.096466523,0.002326265,-0.048324519,0.116840153,-0.254911356,0.517152326,-0.490143757,0.213146351,0.351844622,0.084607814,-0.153688032,-0.058426664,-0.309369618
-0.099643222,0.224040917,0.194842031,0.269622956,-0.47186696,-0.16118917,-0.415589874,0.005280704,-0.090055065,0.134344094,-0.220732184,0.098033158,0.108770323,0.296676834,-0.063898889,-0.048459803,-0.042674402,0.281949597,0.388918774,-0.27153556,0.163427149,-0.163503824,-0.015044358,-0.225628734,0.235381928,-0.529164149,-0.412271805,-0.090077082,-0.342374221,-0.207602926,-0.169766817,0.04787864,0.377028222,0.244123363,0.269704463,0.179214762,-0.329553062,-0.059926746,0.040628013,0.081395497,-0.239877881,-0.363988713,0.131755449,-0.232580978,0.082072534,0.194841933,-0.388065931,0.147822608,0.014235538,-0.259952121,-0.060972696,-0.026589861,0.195583577,-0.162252623,0.410332829,-0.044285086,-0.27393768,0.172104925,-0.409801886,NA,0.120451097,0.350487973,-0.192709254,-0.005845289,0.167786733,-0.447227823,0.005930829,0.396963854,-0.164713925,-0.176001559,-0.007660051,-0.524665397,0.035512927,-0.046432873,-0.480393563
0.06904355,-0.236401992,0.046193763,-0.566926521,0.293767885,-0.053641652,-0.505791841,0.063260934,-0.313420601,0.098537952,0.510419249,-0.067038756,-0.171802606,-0.100837265,-0.258244497,0.109198219,0.560078474,0.242573374,0.005826963,-0.559475968,-0.141515688,0.122288178,-0.361083336,-0.045196407,-0.13554786,0.335894785,-0.355115838,-0.430475347,-0.478971291,0.103265856,0.151563107,-0.175525745,-0.254616613,0.276614408,-0.006615888,-0.077684629,-0.179987391,-0.1236722,0.022530799,-0.002808933,-0.147760818,-0.690581031,-0.041655388,0.007618154,-0.104498006,-0.542952949,-0.108311581,0.144618823,0.201185763,-0.093869446,0.311293856,0.026047976,-0.071098224,-0.19970054,0.102727273,-0.245873301,-0.419128661,-0.024051991,0.343439682,0.120451097,NA,-0.040374819,-0.27978346,0.258816453,0.125506216,0.537286157,0.055921824,0.154604522,-0.28080267,-0.313650299,-0.392730125,0.628503908,0.352402698,0.18938328,0.585541551
0.088111428,0.096655527,0.247881933,-0.081364527,0.223836445,0.628661357,-0.183152786,-0.354068179,0.116623653,-0.021539332,-0.296257815,0.163681946,0.374565028,-0.037791293,-0.025569848,-0.42309877,0.294166982,-0.149017683,0.115334314,0.053179707,-0.080155597,0.173889354,-0.16411101,-0.394935934,-0.407960432,-0.187062764,-0.048438237,0.097948472,-0.5062442,-0.485763329,0.467647723,-0.289488574,-0.39891367,-0.361560911,0.099432092,-0.130741462,-0.325456463,-0.149345633,-0.065916889,-0.578121989,-0.432537434,0.369750884,-0.330883911,0.133831062,0.297251104,-0.057071728,0.332163346,0.027865488,-0.161427629,0.449906501,0.15118636,-0.410298794,0.169013611,-0.189675333,-0.239507525,0.300025075,0.356513606,0.006088404,-0.245612085,0.350487973,-0.040374819,NA,0.374476197,0.423803197,0.069199266,0.13747572,0.146121992,-0.017436705,0.063738608,-0.417855695,-0.076631081,0.441963419,-0.148530888,0.045074393,-0.11585273
-0.272729518,-0.391786341,-0.355976043,-0.013611808,0.082641839,-0.04093272,-0.04404303,0.175502428,0.20202802,0.114823798,0.15410268,-0.200447068,0.159843176,0.400545786,0.476338379,-0.094153699,-0.00245161,-0.08981605,-0.323015244,-0.098316134,-0.475420388,0.410647946,-0.016934095,-0.411945795,0.522065506,0.320737571,0.048100552,0.130149462,-0.06814154,-0.298165481,-0.067872552,0.339692762,-0.071110195,0.113133541,0.048783158,-0.531556036,0.124502093,0.239330376,-0.207023354,0.132536812,-0.162877448,0.424962192,-0.31363412,0.046103919,-0.094089588,0.260022105,-0.112591606,-0.482592647,-0.253656649,-0.002176485,-0.482973623,0.167676524,-0.40120624,-0.22582699,0.350743505,-0.160962956,0.056412742,-0.093766669,-0.096466523,-0.192709254,-0.27978346,0.374476197,NA,-0.160947413,-0.452476329,0.420766851,-0.10789447,-0.09002261,0.035960853,0.191099987,-0.101627145,-0.323825423,-0.100249133,-0.441724406,0.247388672
-0.447952628,-0.065653741,0.157428886,0.340798357,0.015966342,0.24067873,0.133164614,-0.417527562,-0.048587292,0.129937391,-0.409479903,-0.284048852,0.082813317,-0.192913122,0.182522383,0.125096667,0.303177608,-0.305020878,-0.143004582,-0.644107265,-0.13358582,0.148790066,-0.037250382,0.200288307,-0.498220501,0.299166728,-0.116138346,-0.148590297,0.062412855,-0.059762813,-0.158937955,-0.327941791,0.285548188,-0.210921633,-0.263232479,0.016654325,0.399233466,0.252253619,0.032407012,-0.130042,0.472327106,0.246940881,0.32786044,0.094101232,0.012170641,0.179877164,-0.084590094,0.361971179,0.1137785,0.180132061,-0.269177543,-0.24759832,-0.072588226,-0.087231111,-0.313867662,0.267971044,-0.064352545,-0.343538336,0.002326265,-0.005845289,0.258816453,0.423803197,-0.160947413,NA,-0.252265338,0.284730854,-0.059701309,0.183177192,0.19281175,-0.215974637,-0.451872728,-0.383011787,0.208419596,-0.047630829,-0.141126358
-0.164818191,0.357555858,-0.226362923,-0.401333351,-0.228569106,-0.386398225,-0.351557708,0.40173582,-0.190021729,0.160739306,-0.273329702,-0.366489015,-0.15349422,0.019848625,0.515299921,-0.228822631,0.092086039,0.029617758,0.350718369,0.371615629,0.024721824,-0.000310494,0.005236225,0.016867125,-0.048592235,0.261769403,0.042718705,-0.028990053,-0.182379078,-0.205507995,0.361281011,-0.1802358,0.452108404,0.174262645,-0.369104764,0.364353618,-0.35535613,-0.136595976,0.224072948,NA,0.128029265,-0.367996793,0.024038971,-0.221520111,-0.115056626,-0.043452786,-0.275518489,-0.091242243,-0.187764559,-0.151036006,-0.355551536,0.175096411,-0.386415757,-0.063169998,0.010754541,0.010330234,-0.010685267,-0.003819131,-0.048324519,0.167786733,0.125506216,0.069199266,-0.452476329,-0.252265338,NA,-0.07808418,0.174169138,0.166626302,0.382025484,0.050617689,-0.316563259,0.328979504,0.198815603,-0.081429901,0.24667917
0.137605985,-0.378284073,-0.165718904,-0.335089688,0.316409993,-0.330987327,0.123797454,-0.361523518,0.238527303,-0.052951183,-0.461569246,0.331354676,-0.277092858,-0.139001282,0.433102831,-0.295838148,-0.462607338,0.137342447,0.29400772,-0.432869195,-0.429962151,0.017079392,0.029349898,0.024916818,-0.213570246,0.042233453,-0.291441333,-0.212314629,0.066944001,0.145544155,-0.486586515,0.242724447,0.075261583,0.400016532,-0.686263669,0.505734315,-0.418545794,0.001020102,-0.113369882,0.154134325,0.359670692,-0.259027743,-0.530394792,0.381883491,-0.358725975,0.011768345,-0.164299638,0.127814099,0.168676092,-0.592122058,0.189628196,-0.227504184,0.234871797,0.228908424,0.40326983,0.083212473,0.366372634,0,0.116840153,-0.447227823,0.537286157,0.13747572,0.420766851,0.284730854,-0.07808418,NA,-0.040298885,-0.348166846,-0.431398248,0.012113404,0.28678647,-0.369477286,0.159132939,-0.547843189,0.342753735
-0.372068228,-0.151125542,-0.311920325,-0.36129675,-0.185637318,-0.11775794,-0.109284634,0.117014695,-0.192427804,0.223152359,-0.112338606,-0.20636623,-0.481252126,-0.198389817,0.028402851,0.097164751,-0.643769872,0.059716308,-0.134764407,0.016284273,-0.038307937,0.254973725,-0.212510392,-0.21119803,-0.241641617,0.079572212,0.053947093,0.015657137,0.0860928,-0.268535418,-0.013195797,0.016596101,0.397687028,0.003502482,-0.273004364,0.246272462,-0.413451926,-0.334998791,-0.111222044,-0.181001593,0.355098611,-0.113706547,-0.251569321,-0.251346773,0.084201025,0.439667002,0.231465829,-0.285613234,-0.325265459,-0.423004775,0.139334329,0.094680387,-0.01237385,0.440017925,0.12061786,0.201001316,-0.170028383,0.218160659,-0.254911356,0.005930829,0.055921824,0.146121992,-0.10789447,-0.059701309,0.174169138,-0.040298885,NA,0.038558376,-0.370654171,-0.065328065,-0.42812509,0.020208941,-0.331278065,0.100851179,0.178317576
-0.214555563,0.02507207,0.09684519,0.049410897,0.01246737,0.254391325,0.314916275,0.206960132,0.092040261,0.06445166,0.037026123,-0.407060203,-0.284091005,-0.097259639,0.246035256,-0.205766072,-0.142748721,-0.380991648,0.249503451,0.048608336,-0.640643801,-0.201595536,0.231555716,0.12214254,0.214681159,-0.038350371,-0.16627404,-0.108274743,-0.140061166,0.379300558,0.072165079,-0.235297563,-0.112875711,0.352686455,-0.129743975,0.374114919,-0.06639788,-0.033142981,0.439044586,-0.329116098,0.50831195,-0.022465841,0.283286394,-0.201275902,-0.335106434,0.282472174,-0.172284408,-0.037640428,-0.200814136,0.005650409,0.490248904,-0.258592503,-0.521024881,0.279013643,0.191238819,-0.020681808,0.359698221,0.139957449,0.517152326,0.396963854,0.154604522,-0.017436705,-0.09002261,0.183177192,0.166626302,-0.348166846,0.038558376,NA,-0.11312318,0.285220671,-0.111138879,-0.182490527,0.140555461,0.059042533,-0.045199425
-0.515271889,0.275997245,0.041886539,0.400005297,0.185712805,0.415186755,0.366803463,-0.214100557,-0.106736185,-0.222644606,0.227940119,-0.173258179,0.000301031,-0.039037341,-0.54367468,0.507813836,-0.207425346,0.43498576,0.386057004,-0.086576519,-0.145761965,-0.064954655,0.020410389,0.398750166,-0.16476702,0.44699423,-0.141032099,-0.397727151,-0.060388297,0.095728065,-0.187078931,-0.241385754,0.333158719,0.007914961,-0.221744876,0.296846123,-0.299992456,-0.467108369,0.186872459,0.094665235,-0.302118869,-0.728014598,0.504971908,-0.44140166,0.020971051,-0.523549526,0.254102679,0.516337028,-0.476712569,-0.425198519,0.1054961,-0.194750033,-0.153806034,-0.089589495,0.088467467,0.023336023,-0.002834972,0.215158028,-0.490143757,-0.164713925,-0.28080267,0.063738608,0.035960853,0.19281175,0.382025484,-0.431398248,-0.370654171,-0.11312318,NA,-0.324596187,-0.032839406,-0.464061728,0.031206334,0.13809871,-0.153122188
-0.417267366,-0.277149875,-0.081835749,0.419494523,0.204297116,-0.140318611,0.111615896,0.118589064,0.230542751,0.097667769,0.190394282,-0.045483057,-0.063402712,-0.290789485,-0.318305362,-0.061235526,-0.296459113,0.077187258,-0.172820129,0.10862662,-0.21579682,0.23633588,-0.115571424,-0.125565167,0.144142753,-0.107791033,-0.133125329,-0.014240871,-0.021652814,-0.172146683,-0.480446158,-0.001051592,-0.308293995,0.069198165,0.034343768,0.203840134,0.034985276,-0.359420679,-0.095356785,-0.158152116,0.075836311,0.345412712,0.25256104,-0.131061627,0.323328006,0.072037282,0.056806206,-0.443638917,0.069698145,0.527823586,-0.352818537,-0.172265517,-0.257619586,-0.375721793,-0.202275946,-0.477529573,-0.390184344,0.255952689,0.213146351,-0.176001559,-0.313650299,-0.417855695,0.191099987,-0.215974637,0.050617689,0.012113404,-0.065328065,0.285220671,-0.324596187,NA,-0.030338914,-0.54258132,-0.163304787,-0.008929464,-0.301386189
-0.171834689,0.019835014,-0.071251532,0.482764775,0.491263252,0.01001115,0.2377305,-0.096943459,-0.372903397,0.103363213,-0.543531006,-0.236365378,-0.240550141,-0.40286725,-0.037813346,0.1924472,-0.518336382,0.438180463,-0.216263743,0.11019095,-0.17460675,0.068163289,0.021460068,-0.019573223,0.49619137,-0.153226881,-0.357502504,0.176407445,-0.137195105,0.203465598,0.009475647,0.252528665,-0.076992055,-0.261296691,-0.248237391,-0.370387646,-0.452213676,-0.11121828,0.083263602,-0.030039347,0.059372339,0.281577251,-0.181538875,-0.320853483,0.1861462,0.049860014,0.401693325,-0.117431644,-0.498341352,-0.105394482,0.108730116,-0.695149662,-0.305867449,-0.187883854,-0.149389107,0.095637483,-0.234816126,-0.350278244,0.351844622,-0.007660051,-0.392730125,-0.076631081,-0.101627145,-0.451872728,-0.316563259,0.28678647,-0.42812509,-0.111138879,-0.032839406,-0.030338914,NA,0.070467408,0.467841545,0.121536209,-0.698942669
0.224281616,0.005208889,0.140557018,-0.178563296,-0.182870658,0.226181343,-0.207320018,-0.133767119,-0.270823357,0.116420275,0.357275097,-0.473567571,-0.11333712,-0.351515242,-0.313353564,-0.008227863,0.402020881,-0.015187319,-0.037664528,0.406753693,-0.268335922,0.048500819,0.301587055,0.17455901,-0.011087724,-0.140718348,-0.533155286,0.49009337,0.374657911,0.267314218,-0.212365921,-0.158031824,0.17083789,-0.169814463,0.213554389,0.10193726,-0.116078379,-0.164823349,0.007417314,-0.18002694,-0.047684213,0.034831026,0.131955009,-0.041372166,-0.254623225,0.516700108,0.048350054,0.238388061,-0.396628271,0.162013742,0.034696918,-0.060687622,0.141778612,0.192615803,-0.186026346,-0.500198491,-0.136743406,0.135327279,0.084607814,-0.524665397,0.628503908,0.441963419,-0.323825423,-0.383011787,0.328979504,-0.369477286,0.020208941,-0.182490527,-0.464061728,-0.54258132,0.070467408,NA,0.080634539,-0.094773059,-0.412165822
0.142192629,0.471228135,-0.367993637,0.337512284,-0.070863916,0.201304771,-0.370385073,-0.136911198,-0.28679846,0.236876592,0.32605847,-0.376419467,-0.170201496,-0.0342129,0.488643407,-0.072715804,0.245417551,-0.307129269,-0.38270225,-0.14330583,0.122844721,0.219823077,-0.115112481,-0.03010631,0.242744469,0.116878673,0.09168032,-0.317571592,-0.127343097,0.13964275,-0.138216341,-0.034117379,-0.038053889,0.32038161,-0.068159757,-0.389879842,-0.293883461,0.23777627,0.261776434,-0.162931341,0.088772048,0.285240496,0.287815467,-0.46481408,0.408279703,0.353557041,0.177574171,-0.187803938,-0.147491431,0.081347484,-0.058476372,0.096447229,0.09987965,0.184115754,-0.147394036,-0.025163013,-0.134296108,0.15026213,-0.153688032,0.035512927,0.352402698,-0.148530888,-0.100249133,0.208419596,0.198815603,0.159132939,-0.331278065,0.140555461,0.031206334,-0.163304787,0.467841545,0.080634539,NA,-0.11134793,-0.334691303
-0.14930402,-0.09473913,-0.213415545,0.014044081,0.208293549,0.117415586,0.385033611,0.294882015,0.289665651,-0.247407842,0.093841667,-0.029495517,-0.048010472,0.189112465,-0.269165615,-0.427711443,-0.322628554,0.196865577,-0.022178876,-0.268722552,-0.042845952,0.464355368,0.277186697,-0.147821712,0.028089724,0.267794102,-0.505384169,-0.131287013,0.129924476,0.147659502,-0.013823805,0.053311756,-0.473808688,0.742283231,0.288895241,-0.036910486,-0.124413202,0.045152717,-0.354245864,-0.005361673,-0.398579698,-0.585753562,0.134978321,0.192405206,-0.232987187,0.129086389,0.389430655,-0.230967809,0.289624659,-0.144998008,0.465316699,0.148985606,0.12417115,-0.183177386,-0.092936618,0.021849604,0.222697111,-0.50919099,-0.058426664,-0.046432873,0.18938328,0.045074393,-0.441724406,-0.047630829,-0.081429901,-0.547843189,0.100851179,0.059042533,0.13809871,-0.008929464,0.121536209,-0.094773059,-0.11134793,NA,-0.190749513
-0.348707029,-0.236586447,0.294319122,-0.117747251,-0.077606181,-0.495764892,0.056332591,-0.547254852,-0.301633474,-0.01244756,-0.171906657,0.06377669,-0.026191097,0.328646288,-0.047490124,-0.269167719,-0.127727199,-0.137403584,-0.052476658,0.11541077,0.107761045,0.040083737,0.012283769,-0.440538296,-0.197249751,0.129982464,-0.071620711,-0.225394881,-0.183885237,-0.059663419,-0.226923524,-0.096322316,-0.38385554,-0.141450062,0.152363184,0.399753663,0.325233369,-0.1770412,-0.346139711,-0.053152124,-0.309734813,-0.466811491,-0.266125636,0.039967162,0.571444636,-0.236642721,0.203579133,-0.145415213,0.083841716,-0.06591126,0.208069168,0.073105708,0.08708569,-0.044070935,-0.069918998,-0.123058883,0.326764354,-0.249235767,-0.309369618,-0.480393563,0.585541551,-0.11585273,0.247388672,-0.141126358,0.24667917,0.342753735,0.178317576,-0.045199425,-0.153122188,-0.301386189,-0.698942669,-0.412165822,-0.334691303,-0.190749513,NA